주문번호,발송일,도착일
O0100453,2025-01-06,2025-01-11
O0200136,2025-02-24,2025-02-26
O0400739,2025-04-23,2025-04-24
O0400742,2025-04-17,2025-04-18
O0500427,2025-05-14,2025-05-17
O0400538,2025-04-20,2025-04-22
O0400920,2025-04-22,2025-04-25
O0500593,2025-05-08,2025-05-10
O0300257,2025-03-06,2025-03-07
O0600889,2025-06-05,2025-06-07
O0500431,2025-05-29,2025-05-31
O0500650,2025-05-27,2025-05-30
O0300843,2025-03-01,2025-03-03
O0100079,2025-01-16,2025-01-18
O0200313,2025-02-19,2025-02-21
O0100766,2025-01-04,2025-01-05
O0100847,2025-01-02,2025-01-04
O0300452,2025-03-29,2025-03-30
O0600874,2025-06-11,2025-06-17
O0300178,2025-03-21,2025-03-23
O0500336,2025-05-29,2025-06-01
O0500222,2025-05-10,2025-05-13
O0600247,2025-06-24,2025-06-25
O0100415,2025-01-07,2025-01-08
O0300360,2025-03-28,2025-03-30
O0600576,2025-06-01,2025-06-04
O0300783,2025-03-20,2025-03-25
O0300277,2025-03-31,2025-04-02
O0600918,2025-07-01,2025-07-03
O0200509,2025-02-15,2025-02-17
O0600359,2025-06-18,2025-06-19
O0500850,2025-05-31,2025-06-02
O0500569,2025-05-17,2025-05-20
O0300807,2025-03-27,2025-03-30
O0200917,2025-02-09,2025-02-12
O0100901,2025-01-20,2025-01-25
O0200427,2025-02-25,2025-02-27
O0500111,2025-05-15,2025-05-17
O0400588,2025-04-12,2025-04-15
O0200383,2025-02-23,2025-02-25
O0500070,2025-05-13,2025-05-19
O0200033,2025-03-01,2025-03-03
O0400748,2025-04-18,2025-04-20
O0100756,2025-01-28,2025-01-29
O0600894,2025-06-15,2025-06-17
O0200144,2025-02-25,2025-02-26
O0600433,2025-06-17,2025-06-19
O0300611,2025-03-03,2025-03-05
O0400151,2025-04-14,2025-04-16
O0300676,2025-03-28,2025-03-29
O0600995,2025-06-20,2025-06-22
O0100289,2025-01-26,2025-01-28
O0400470,2025-04-05,2025-04-07
O0200645,2025-02-09,2025-02-12
O0600836,2025-06-26,2025-06-28
O0400223,2025-04-24,2025-04-27
O0500013,2025-05-23,2025-05-28
O0400438,2025-04-03,2025-04-05
O0300512,2025-03-26,2025-03-28
O0100631,2025-01-24,2025-01-25
O0100409,2025-01-25,2025-01-26
O0200892,2025-02-05,2025-02-06
O0600054,2025-06-21,2025-06-25
O0100721,2025-01-10,2025-01-12
O0300623,2025-03-28,2025-03-29
O0600700,2025-06-21,2025-06-23
O0300421,2025-03-05,2025-03-08
O0200775,2025-02-03,2025-02-04
O0100410,2025-01-22,2025-01-26
O0400674,2025-04-14,2025-04-18
O0200301,2025-02-13,2025-02-15
O0100117,2025-01-08,2025-01-10
O0500733,2025-05-03,2025-05-04
O0100698,2025-01-15,2025-01-18
O0400963,2025-04-21,2025-04-22
O0501026,2025-05-14,2025-05-17
O0200483,2025-02-25,2025-02-26
O0500469,2025-05-24,2025-05-25
O0500213,2025-05-29,2025-05-30
O0200218,2025-02-05,2025-02-08
O0300514,2025-03-06,2025-03-09
O0600593,2025-06-06,2025-06-07
O0100801,2025-01-10,2025-01-12
O0300871,2025-03-22,2025-03-24
O0400382,2025-04-04,2025-04-06
O0400957,2025-04-19,2025-04-24
O0600655,2025-06-29,2025-07-01
O0300353,2025-03-17,2025-03-19
O0500081,2025-05-07,2025-05-09
O0400269,2025-05-01,2025-05-03
O0200858,2025-02-23,2025-02-24
O0400450,2025-04-04,2025-04-06
O0500288,2025-05-03,2025-05-05
O0100006,2025-01-20,2025-01-22
O0500132,2025-05-08,2025-05-10
O0200487,2025-02-28,2025-03-02
O0100634,2025-01-09,2025-01-12
O0200454,2025-02-26,2025-02-28
O0400587,2025-04-10,2025-04-12
O0400764,2025-04-07,2025-04-10
O0600937,2025-06-28,2025-06-29
O0400322,2025-04-08,2025-04-10
O0200392,2025-02-22,2025-02-25
O0500412,2025-05-22,2025-05-23
O0100104,2025-01-02,2025-01-04
O0200171,2025-02-14,2025-02-15
O0600586,2025-06-05,2025-06-06
O0500387,2025-05-28,2025-05-29
O0400938,2025-04-19,2025-04-25
O0100920,2025-01-05,2025-01-07
O0600749,2025-06-18,2025-06-20
O0500197,2025-05-20,2025-05-23
O0200140,2025-02-21,2025-02-23
O0300936,2025-03-27,2025-03-28
O0500880,2025-05-27,2025-05-29
O0300296,2025-03-26,2025-03-29
O0600534,2025-06-02,2025-06-05
O0400243,2025-04-03,2025-04-09
O0200314,2025-02-10,2025-02-14
O0400607,2025-04-19,2025-04-22
O0100314,2025-01-20,2025-01-22
O0600007,2025-06-09,2025-06-10
O0300446,2025-03-10,2025-03-11
O0100554,2025-01-07,2025-01-10
O0100206,2025-01-17,2025-01-18
O0100371,2025-01-23,2025-01-24
O0500345,2025-05-20,2025-05-21
O0600185,2025-06-03,2025-06-05
O0600485,2025-06-20,2025-06-21
O0400850,2025-04-29,2025-05-03
O0200505,2025-02-13,2025-02-14
O0600717,2025-06-21,2025-06-23
O0500536,2025-05-14,2025-05-19
O0400180,2025-04-23,2025-04-24
O0100419,2025-01-15,2025-01-16
O0600393,2025-06-13,2025-06-15
O0100973,2025-01-25,2025-01-27
O0400008,2025-04-29,2025-05-03
O0500079,2025-05-09,2025-05-10
O0600368,2025-06-28,2025-06-30
O0300221,2025-03-15,2025-03-17
O0200053,2025-02-06,2025-02-08
O0100298,2025-01-23,2025-01-25
O0600472,2025-06-22,2025-06-25
O0200161,2025-02-20,2025-02-22
O0600543,2025-06-04,2025-06-06
O0200785,2025-02-19,2025-02-20
O0200907,2025-02-26,2025-03-02
O0500639,2025-05-09,2025-05-14
O0300856,2025-03-12,2025-03-14
O0200618,2025-02-20,2025-02-22
O0100341,2025-01-11,2025-01-12
O0500721,2025-05-30,2025-06-01
O0200879,2025-02-12,2025-02-14
O0300022,2025-03-17,2025-03-22
O0500623,2025-05-28,2025-05-29
O0600715,2025-06-02,2025-06-04
O0500271,2025-05-18,2025-05-20
O0200783,2025-02-07,2025-02-13
O0500786,2025-05-24,2025-05-25
O0400133,2025-04-19,2025-04-21
O0600132,2025-06-11,2025-06-13
O0300285,2025-03-08,2025-03-10
O0400174,2025-04-27,2025-04-29
O0400811,2025-04-19,2025-04-23
O0400160,2025-04-13,2025-04-14
O0400700,2025-04-11,2025-04-14
O0600564,2025-06-20,2025-06-22
O0500278,2025-05-26,2025-05-27
O0500960,2025-05-30,2025-06-03
O0200445,2025-02-25,2025-02-27
O0200284,2025-02-09,2025-02-12
O0200070,2025-02-05,2025-02-08
O0300851,2025-03-18,2025-03-19
O0400857,2025-04-13,2025-04-17
O0300234,2025-03-22,2025-03-24
O0300482,2025-03-01,2025-03-02
O0600158,2025-06-07,2025-06-08
O0600990,2025-06-27,2025-06-30
O0100835,2025-01-26,2025-01-31
O0400044,2025-04-04,2025-04-05
O0400639,2025-04-22,2025-04-24
O0400959,2025-04-12,2025-04-14
O0400067,2025-04-19,2025-04-21
O0500192,2025-05-07,2025-05-09
O0500011,2025-05-27,2025-05-29
O0300949,2025-03-27,2025-04-02
O0400482,2025-04-11,2025-04-15
O0600614,2025-06-12,2025-06-14
O0500648,2025-05-27,2025-05-30
O0100799,2025-01-24,2025-01-26
O0300207,2025-03-17,2025-03-19
O0600620,2025-06-01,2025-06-02
O0400593,2025-04-15,2025-04-17
O0600317,2025-06-27,2025-06-29
O0600108,2025-06-25,2025-06-27
O0300528,2025-03-26,2025-03-27
O0501020,2025-05-22,2025-05-23
O0500692,2025-05-04,2025-05-06
O0400602,2025-04-03,2025-04-04
O0300673,2025-03-05,2025-03-07
O0300148,2025-03-25,2025-03-29
O0200203,2025-02-13,2025-02-16
O0500249,2025-05-18,2025-05-21
O0100376,2025-01-16,2025-01-18
O0300938,2025-03-12,2025-03-13
O0500968,2025-05-09,2025-05-12
O0500321,2025-05-23,2025-05-24
O0600175,2025-06-19,2025-06-20
O0500736,2025-05-23,2025-05-25
O0200663,2025-02-05,2025-02-08
O0400038,2025-04-05,2025-04-07
O0200460,2025-02-22,2025-02-25
O0600180,2025-06-04,2025-06-06
O0500562,2025-05-21,2025-05-23
O0200164,2025-02-17,2025-02-18
O0200073,2025-02-09,2025-02-11
O0200895,2025-02-09,2025-02-11
O0300826,2025-03-30,2025-04-02
O0600523,2025-06-22,2025-06-24
O0400784,2025-04-23,2025-04-24
O0400421,2025-04-05,2025-04-07
O0500696,2025-05-10,2025-05-12
O0300609,2025-03-08,2025-03-11
O0400017,2025-04-29,2025-05-01
O0300077,2025-03-01,2025-03-03
O0600464,2025-06-15,2025-06-16
O0300132,2025-03-23,2025-03-25
O0400404,2025-04-09,2025-04-10
O0200068,2025-02-25,2025-03-01
O0400604,2025-04-02,2025-04-05
O0200428,2025-02-11,2025-02-12
O0300213,2025-03-08,2025-03-11
O0600978,2025-06-04,2025-06-06
O0400682,2025-04-21,2025-04-23
O0500863,2025-05-09,2025-05-11
O0501031,2025-05-10,2025-05-13
O0600423,2025-06-12,2025-06-15
O0200410,2025-02-03,2025-02-06
O0400757,2025-04-28,2025-05-01
O0400592,2025-04-05,2025-04-08
O0500514,2025-05-06,2025-05-08
O0400754,2025-04-16,2025-04-19
O0500890,2025-05-05,2025-05-07
O0300361,2025-03-30,2025-04-01
O0300029,2025-03-12,2025-03-14
O0100703,2025-01-09,2025-01-11
O0300097,2025-03-18,2025-03-20
O0600807,2025-06-01,2025-06-03
O0100991,2025-01-15,2025-01-18
O0300498,2025-03-12,2025-03-16
O0100432,2025-01-11,2025-01-12
O0400932,2025-04-19,2025-04-20
O0200570,2025-02-10,2025-02-14
O0500494,2025-05-17,2025-05-18
O0100375,2025-01-03,2025-01-07
O0200715,2025-02-21,2025-02-23
O0200352,2025-02-27,2025-03-04
O0400368,2025-04-26,2025-04-29
O0100337,2025-01-06,2025-01-08
O0200113,2025-02-28,2025-03-01
O0300531,2025-03-03,2025-03-08
O0200234,2025-02-11,2025-02-12
O0600917,2025-06-18,2025-06-20
O0500117,2025-05-03,2025-05-05
O0600950,2025-06-29,2025-07-01
O0400597,2025-04-21,2025-04-22
O0400740,2025-04-09,2025-04-13
O0400865,2025-04-20,2025-04-22
O0200437,2025-02-22,2025-02-23
O0300903,2025-04-01,2025-04-06
O0300033,2025-03-24,2025-03-25
O0400019,2025-04-10,2025-04-13
O0600562,2025-06-26,2025-06-29
O0600658,2025-06-11,2025-06-13
O0400502,2025-04-28,2025-04-29
O0400858,2025-04-13,2025-04-14
O0500541,2025-05-16,2025-05-17
O0200022,2025-02-24,2025-02-26
O0500799,2025-05-06,2025-05-10
O0200684,2025-02-23,2025-02-26
O0400456,2025-04-07,2025-04-09
O0400792,2025-04-23,2025-04-28
O0400320,2025-04-16,2025-04-21
O0400601,2025-04-20,2025-04-23
O0300940,2025-03-05,2025-03-06
O0200967,2025-02-27,2025-03-01
O0300342,2025-03-16,2025-03-18
O0200602,2025-02-22,2025-02-24
O0100329,2025-01-29,2025-02-01
O0300612,2025-03-11,2025-03-13
O0600755,2025-06-03,2025-06-04
O0500119,2025-05-27,2025-05-30
O0300718,2025-03-25,2025-03-27
O0300228,2025-03-14,2025-03-17
O0100867,2025-01-21,2025-01-22
O0100270,2025-01-05,2025-01-06
O0100035,2025-02-01,2025-02-02
O0500223,2025-05-08,2025-05-12
O0400558,2025-04-16,2025-04-18
O0600114,2025-06-28,2025-06-30
O0600900,2025-06-13,2025-06-16
O0500619,2025-06-02,2025-06-03
O0500467,2025-05-03,2025-05-04
O0100148,2025-01-29,2025-02-02
O0500330,2025-05-19,2025-05-20
O0400581,2025-04-08,2025-04-10
O0100771,2025-01-05,2025-01-07
O0300065,2025-03-22,2025-03-23
O0200377,2025-02-19,2025-02-20
O0200311,2025-02-12,2025-02-14
O0400439,2025-04-06,2025-04-09
O0100479,2025-01-31,2025-02-02
O0100388,2025-01-17,2025-01-23
O0101001,2025-01-01,2025-01-02
O0400525,2025-04-03,2025-04-04
O0200411,2025-02-20,2025-02-23
O0100040,2025-01-04,2025-01-05
O0200674,2025-02-18,2025-02-22
O0600033,2025-06-13,2025-06-15
O0200633,2025-02-21,2025-02-25
O0500973,2025-05-22,2025-05-23
O0301015,2025-03-13,2025-03-15
O0400614,2025-04-10,2025-04-11
O0300640,2025-03-28,2025-03-30
O0600967,2025-06-05,2025-06-08
O0600303,2025-06-12,2025-06-14
O0500866,2025-05-13,2025-05-17
O0400854,2025-04-24,2025-04-26
O0600488,2025-06-25,2025-06-27
O0400803,2025-04-19,2025-04-21
O0500056,2025-05-04,2025-05-06
O0600432,2025-06-17,2025-06-18
O0100487,2025-01-24,2025-01-26
O0600991,2025-06-14,2025-06-15
O0500637,2025-05-29,2025-06-03
O0400050,2025-04-04,2025-04-05
O0400852,2025-04-28,2025-05-02
O0500059,2025-05-12,2025-05-14
O0100255,2025-01-17,2025-01-20
O0300867,2025-03-11,2025-03-12
O0501008,2025-05-30,2025-05-31
O0500057,2025-05-11,2025-05-13
O0300180,2025-03-03,2025-03-05
O0500280,2025-05-25,2025-05-27
O0300034,2025-03-11,2025-03-12
O0600994,2025-06-03,2025-06-05
O0500250,2025-05-21,2025-05-23
O0500448,2025-05-24,2025-05-25
O0500048,2025-05-21,2025-05-22
O0600336,2025-07-01,2025-07-07
O0100842,2025-01-19,2025-01-21
O0100507,2025-01-07,2025-01-10
O0200384,2025-02-26,2025-02-27
O0200734,2025-02-23,2025-02-25
O0500409,2025-05-11,2025-05-14
O0100674,2025-01-30,2025-02-01
O0200940,2025-02-13,2025-02-15
O0500668,2025-05-11,2025-05-12
O0300563,2025-03-14,2025-03-18
O0300418,2025-03-21,2025-03-22
O0300407,2025-03-29,2025-03-30
O0600549,2025-06-22,2025-06-23
O0500039,2025-05-25,2025-05-31
O0200874,2025-02-13,2025-02-15
O0300190,2025-03-20,2025-03-22
O0200031,2025-02-20,2025-02-22
O0400547,2025-04-16,2025-04-17
O0200328,2025-02-10,2025-02-12
O0400116,2025-04-18,2025-04-19
O0600883,2025-06-02,2025-06-04
O0600411,2025-06-16,2025-06-18
O0100292,2025-01-17,2025-01-18
O0300422,2025-03-22,2025-03-25
O0600070,2025-06-27,2025-06-30
O0200736,2025-02-26,2025-03-02
O0500551,2025-05-10,2025-05-13
O0100816,2025-01-04,2025-01-05
O0200622,2025-02-22,2025-02-23
O0200481,2025-02-09,2025-02-11
O0200640,2025-02-02,2025-02-04
O0400351,2025-04-25,2025-04-26
O0200005,2025-02-21,2025-02-22
O0400265,2025-04-14,2025-04-16
O0600914,2025-06-07,2025-06-09
O0100557,2025-01-19,2025-01-21
O0300666,2025-03-25,2025-03-28
O0600790,2025-06-05,2025-06-10
O0200612,2025-02-17,2025-02-21
O0100486,2025-01-22,2025-01-23
O0300819,2025-04-01,2025-04-04
O0400924,2025-04-29,2025-05-01
O0500147,2025-05-18,2025-05-20
O0500134,2025-05-28,2025-05-30
O0200350,2025-02-01,2025-02-03
O0200662,2025-02-13,2025-02-14
O0300391,2025-03-29,2025-03-30
O0500719,2025-05-22,2025-05-24
O0100472,2025-01-23,2025-01-25
O0500663,2025-05-31,2025-06-02
O0100043,2025-01-14,2025-01-16
O0600188,2025-06-14,2025-06-16
O0600324,2025-06-07,2025-06-09
O0601014,2025-06-23,2025-06-24
O0400440,2025-04-04,2025-04-05
O0300935,2025-03-19,2025-03-21
O0400365,2025-04-12,2025-04-18
O0100693,2025-01-14,2025-01-15
O0600754,2025-06-02,2025-06-07
O0400755,2025-04-19,2025-04-20
O0600081,2025-06-13,2025-06-18
O0100951,2025-01-04,2025-01-06
O0600235,2025-06-15,2025-06-18
O0300188,2025-03-15,2025-03-17
O0300223,2025-03-02,2025-03-05
O0200085,2025-02-26,2025-02-28
O0600626,2025-06-10,2025-06-12
O0400258,2025-04-19,2025-04-20
O0100274,2025-01-28,2025-01-29
O0600061,2025-06-07,2025-06-08
O0400611,2025-04-04,2025-04-07
O0200367,2025-02-11,2025-02-13
O0300657,2025-03-16,2025-03-18
O0500181,2025-05-16,2025-05-21
O0500841,2025-05-08,2025-05-10
O0300962,2025-03-02,2025-03-04
O0400175,2025-04-10,2025-04-11
O0200143,2025-02-19,2025-02-20
O0200853,2025-02-20,2025-02-22
O0500282,2025-05-07,2025-05-10
O0500169,2025-05-26,2025-05-28
O0200716,2025-02-15,2025-02-16
O0600051,2025-06-08,2025-06-10
O0600036,2025-06-22,2025-06-23
O0200668,2025-02-01,2025-02-03
O0200795,2025-02-10,2025-02-12
O0300907,2025-03-12,2025-03-15
O0300056,2025-03-29,2025-03-30
O0300311,2025-03-15,2025-03-17
O0100469,2025-01-24,2025-01-25
O0600026,2025-06-19,2025-06-21
O0500840,2025-05-17,2025-05-19
O0300893,2025-03-29,2025-03-30
O0200156,2025-02-01,2025-02-03
O0500832,2025-05-06,2025-05-08
O0200631,2025-02-12,2025-02-13
O0300102,2025-03-30,2025-04-01
O0100733,2025-01-29,2025-02-04
O0200109,2025-02-05,2025-02-07
O0600446,2025-06-26,2025-06-27
O0600979,2025-06-14,2025-06-17
O0200279,2025-02-07,2025-02-09
O0600936,2025-06-21,2025-06-22
O0400489,2025-04-20,2025-04-22
O0400215,2025-04-18,2025-04-19
O0300302,2025-03-10,2025-03-12
O0600767,2025-06-10,2025-06-13
O0600096,2025-06-28,2025-06-29
O0200364,2025-02-11,2025-02-13
O0100229,2025-01-08,2025-01-10
O0200672,2025-02-25,2025-02-27
O0200182,2025-02-10,2025-02-11
O0500503,2025-05-26,2025-05-27
O0200856,2025-02-17,2025-02-22
O0400457,2025-04-03,2025-04-05
O0600057,2025-06-07,2025-06-09
O0500805,2025-05-06,2025-05-08
O0600770,2025-06-08,2025-06-10
O0600772,2025-06-16,2025-06-17
O0100990,2025-02-02,2025-02-03
O0400028,2025-04-12,2025-04-16
O0100946,2025-01-28,2025-01-29
O0300737,2025-03-01,2025-03-02
O0400432,2025-04-09,2025-04-10
O0300320,2025-04-02,2025-04-04
O0400267,2025-04-18,2025-04-21
O0200488,2025-02-12,2025-02-13
O0400031,2025-04-13,2025-04-15
O0500014,2025-05-13,2025-05-14
O0300901,2025-03-04,2025-03-05
O0200897,2025-02-09,2025-02-10
O0100718,2025-01-11,2025-01-12
O0200024,2025-02-15,2025-02-16
O0400903,2025-04-16,2025-04-18
O0400554,2025-04-28,2025-04-30
O0200223,2025-02-27,2025-03-05
O0300489,2025-03-25,2025-03-27
O0400905,2025-04-28,2025-04-30
O0200479,2025-02-13,2025-02-14
O0600312,2025-06-28,2025-06-30
O0600113,2025-06-22,2025-06-24
O0400907,2025-04-29,2025-05-01
O0300706,2025-03-09,2025-03-11
O0500885,2025-05-19,2025-05-20
O0200709,2025-02-26,2025-03-01
O0500550,2025-05-23,2025-05-28
O0500768,2025-05-08,2025-05-11
O0300411,2025-03-24,2025-03-27
O0400526,2025-04-21,2025-04-24
O0100198,2025-01-04,2025-01-06
O0500510,2025-05-20,2025-05-24
O0100162,2025-01-22,2025-01-25
O0600729,2025-06-23,2025-06-25
O0101012,2025-01-14,2025-01-16
O0400916,2025-04-29,2025-05-02
O0100091,2025-01-08,2025-01-10
O0100038,2025-01-27,2025-01-29
O0600445,2025-06-21,2025-06-24
O0100528,2025-01-15,2025-01-20
O0400071,2025-04-15,2025-04-16
O0400795,2025-04-02,2025-04-04
O0500122,2025-05-13,2025-05-18
O0300945,2025-03-01,2025-03-03
O0200625,2025-03-01,2025-03-03
O0100910,2025-01-03,2025-01-04
O0501025,2025-05-03,2025-05-04
O0200004,2025-02-20,2025-02-25
O0200123,2025-02-27,2025-02-28
O0100593,2025-01-20,2025-01-25
O0400400,2025-04-26,2025-04-28
O0300658,2025-03-27,2025-03-29
O0300908,2025-03-03,2025-03-05
O0301025,2025-03-30,2025-04-01
O0300466,2025-03-02,2025-03-05
O0100896,2025-01-28,2025-01-30
O0400373,2025-04-11,2025-04-15
O0500193,2025-05-17,2025-05-20
O0600361,2025-06-28,2025-07-01
O0400409,2025-04-28,2025-04-30
O0300075,2025-03-22,2025-03-24
O0400335,2025-04-09,2025-04-10
O0600962,2025-06-19,2025-06-21
O0600392,2025-06-23,2025-06-25
O0300963,2025-03-17,2025-03-21
O0200757,2025-02-20,2025-02-21
O0600762,2025-06-27,2025-06-28
O0500186,2025-05-24,2025-05-31
O0400324,2025-04-11,2025-04-14
O0300595,2025-03-08,2025-03-09
O0200910,2025-02-25,2025-02-26
O0200323,2025-02-21,2025-02-22
O0500956,2025-05-27,2025-05-31
O0300975,2025-03-15,2025-03-21
O0400202,2025-04-28,2025-04-29
O0400389,2025-04-11,2025-04-13
O0300359,2025-03-07,2025-03-09
O0200493,2025-02-04,2025-02-08
O0100706,2025-01-29,2025-02-01
O0200295,2025-02-16,2025-02-21
O0200329,2025-02-10,2025-02-13
O0400112,2025-04-14,2025-04-17
O0500831,2025-05-20,2025-05-21
O0100941,2025-01-06,2025-01-10
O0400773,2025-04-13,2025-04-15
O0400500,2025-04-16,2025-04-18
O0200121,2025-02-18,2025-02-23
O0300333,2025-03-03,2025-03-08
O0600429,2025-06-14,2025-06-17
O0600375,2025-06-18,2025-06-20
O0500978,2025-05-24,2025-05-26
O0100346,2025-01-23,2025-01-26
O0400247,2025-04-22,2025-04-25
O0500342,2025-05-03,2025-05-04
O0600959,2025-06-18,2025-06-20
O0200779,2025-02-19,2025-02-21
O0100037,2025-01-04,2025-01-06
O0100259,2025-01-10,2025-01-11
O0500285,2025-05-19,2025-05-20
O0300768,2025-03-26,2025-03-28
O0400177,2025-04-23,2025-04-28
O0600851,2025-06-14,2025-06-15
O0300939,2025-03-09,2025-03-15
O0600406,2025-06-30,2025-07-08
O0400763,2025-04-08,2025-04-09
O0400548,2025-04-20,2025-04-24
O0600216,2025-06-23,2025-06-24
O0400888,2025-04-30,2025-05-02
O0200158,2025-02-27,2025-03-01
O0500577,2025-05-14,2025-05-16
O0200077,2025-02-24,2025-03-04
O0600127,2025-06-23,2025-06-25
O0300992,2025-03-08,2025-03-09
O0100258,2025-01-15,2025-01-17
O0100817,2025-01-03,2025-01-05
O0500681,2025-05-27,2025-05-30
O0200124,2025-02-06,2025-02-10
O0100627,2025-01-15,2025-01-20
O0300877,2025-03-13,2025-03-15
O0200354,2025-02-05,2025-02-07
O0400464,2025-05-01,2025-05-02
O0400789,2025-04-29,2025-04-30
O0200463,2025-02-09,2025-02-11
O0200903,2025-02-21,2025-02-24
O0400901,2025-04-07,2025-04-09
O0300726,2025-03-08,2025-03-10
O0400445,2025-04-04,2025-04-06
O0500015,2025-05-23,2025-05-27
O0100510,2025-01-12,2025-01-14
O0400585,2025-04-25,2025-04-27
O0100740,2025-01-15,2025-01-17
O0500063,2025-05-24,2025-05-26
O0200962,2025-02-11,2025-02-14
O0400577,2025-04-16,2025-04-20
O0100929,2025-01-02,2025-01-04
O0400673,2025-04-16,2025-04-20
O0100083,2025-01-20,2025-01-25
O0300032,2025-03-13,2025-03-14
O0200945,2025-02-10,2025-02-12
O0500354,2025-05-23,2025-05-24
O0500530,2025-05-07,2025-05-09
O0400536,2025-04-09,2025-04-10
O0300386,2025-03-18,2025-03-19
O0600816,2025-06-02,2025-06-07
O0600771,2025-06-28,2025-07-01
O0200048,2025-02-03,2025-02-05
O0600153,2025-06-19,2025-06-24
O0100136,2025-01-26,2025-01-27
O0500164,2025-05-06,2025-05-08
O0500372,2025-05-23,2025-05-26
O0600799,2025-06-16,2025-06-17
O0300335,2025-03-26,2025-03-28
O0200896,2025-02-12,2025-02-13
O0100912,2025-01-26,2025-01-27
O0100238,2025-01-04,2025-01-06
O0100822,2025-01-09,2025-01-11
O0500821,2025-05-16,2025-05-17
O0100642,2025-01-28,2025-01-30
O0100644,2025-01-29,2025-01-31
O0500984,2025-05-30,2025-06-01
O0500246,2025-05-23,2025-05-27
O0300456,2025-03-21,2025-03-24
O0600765,2025-06-09,2025-06-15
O0100251,2025-01-08,2025-01-10
O0400650,2025-04-14,2025-04-16
O0300062,2025-03-27,2025-03-28
O0100665,2025-01-22,2025-01-23
O0600208,2025-06-16,2025-06-18
O0400345,2025-04-04,2025-04-05
O0100937,2025-01-22,2025-01-25
O0200800,2025-02-07,2025-02-09
O0500422,2025-05-15,2025-05-16
O0300027,2025-03-10,2025-03-11
O0200520,2025-02-09,2025-02-10
O0100524,2025-01-29,2025-01-31
O0200250,2025-02-04,2025-02-05
O0400809,2025-04-24,2025-04-26
O0600348,2025-06-13,2025-06-15
O0100515,2025-01-04,2025-01-07
O0600624,2025-06-26,2025-06-27
O0200412,2025-02-04,2025-02-06
O0200889,2025-02-01,2025-02-02
O0100864,2025-01-25,2025-01-27
O0600925,2025-06-26,2025-07-01
O0100830,2025-01-04,2025-01-07
O0500196,2025-05-04,2025-05-09
O0600604,2025-06-10,2025-06-11
O0600148,2025-06-28,2025-06-30
O0600689,2025-06-17,2025-06-20
O0100753,2025-01-06,2025-01-11
O0600159,2025-06-30,2025-07-01
O0500051,2025-05-29,2025-06-01
O0500833,2025-05-20,2025-05-21
O0400945,2025-04-16,2025-04-17
O0100223,2025-01-22,2025-01-24
O0200578,2025-03-02,2025-03-04
O0100722,2025-01-31,2025-02-02
O0300112,2025-03-02,2025-03-05
O0100672,2025-01-05,2025-01-06
O0500390,2025-05-03,2025-05-05
O0400824,2025-04-07,2025-04-09
O0600463,2025-06-18,2025-06-21
O0600289,2025-06-04,2025-06-05
O0500788,2025-05-14,2025-05-16
O0200184,2025-02-08,2025-02-10
O0600210,2025-06-26,2025-06-27
O0500979,2025-05-30,2025-06-01
O0500965,2025-05-09,2025-05-11
O0500594,2025-05-29,2025-05-30
O0100176,2025-01-05,2025-01-07
O0100105,2025-01-23,2025-01-25
O0400132,2025-04-04,2025-04-06
O0500810,2025-06-01,2025-06-02
O0300513,2025-03-10,2025-03-11
O0200226,2025-02-23,2025-02-25
O0100907,2025-01-15,2025-01-17
O0600752,2025-06-30,2025-07-02
O0100113,2025-01-26,2025-01-29
O0600850,2025-07-02,2025-07-05
O0300597,2025-03-05,2025-03-07
O0600844,2025-07-01,2025-07-06
O0500658,2025-05-05,2025-05-10
O0300772,2025-03-12,2025-03-14
O0400325,2025-04-20,2025-04-22
O0100019,2025-01-25,2025-01-27
O0200768,2025-02-05,2025-02-10
O0300832,2025-03-28,2025-03-30
O0400236,2025-04-24,2025-04-28
O0300846,2025-03-14,2025-03-16
O0400232,2025-04-11,2025-04-13
O0400331,2025-04-18,2025-04-20
O0600958,2025-06-28,2025-07-04
O0200607,2025-02-04,2025-02-06
O0200358,2025-02-13,2025-02-15
O0300989,2025-03-14,2025-03-15
O0400458,2025-04-27,2025-05-01
O0200916,2025-02-06,2025-02-09
O0200666,2025-02-25,2025-02-26
O0100932,2025-01-03,2025-01-05
O0400688,2025-04-07,2025-04-12
O0600039,2025-06-22,2025-06-24
O0300533,2025-03-19,2025-03-22
O0500463,2025-05-16,2025-05-18
O0300510,2025-03-24,2025-03-26
O0300301,2025-03-19,2025-03-22
O0200230,2025-02-20,2025-02-22
O0600311,2025-06-29,2025-07-02
O0200579,2025-02-19,2025-02-23
O0200371,2025-02-18,2025-02-20
O0500482,2025-05-10,2025-05-11
O0200735,2025-02-03,2025-02-04
O0500153,2025-05-03,2025-05-05
O0100724,2025-01-27,2025-01-28
O0200400,2025-02-25,2025-02-26
O0400930,2025-04-27,2025-04-29
O0200583,2025-02-27,2025-02-28
O0600930,2025-06-27,2025-07-01
O0600121,2025-07-02,2025-07-03
O0300761,2025-03-20,2025-03-22
O0500154,2025-05-30,2025-06-02
O0300760,2025-03-01,2025-03-03
O0500062,2025-05-09,2025-05-11
O0600254,2025-06-25,2025-06-26
O0100857,2025-01-07,2025-01-08
O0400154,2025-04-08,2025-04-10
O0300256,2025-03-04,2025-03-08
O0500549,2025-05-26,2025-05-29
O0500582,2025-05-30,2025-05-31
O0100709,2025-01-02,2025-01-07
O0400950,2025-04-11,2025-04-12
O0200449,2025-02-06,2025-02-07
O0501010,2025-05-07,2025-05-08
O0200657,2025-02-11,2025-02-13
O0200134,2025-02-19,2025-02-22
O0100818,2025-02-02,2025-02-03
O0500683,2025-05-24,2025-05-25
O0600705,2025-06-02,2025-06-03
O0600583,2025-06-04,2025-06-05
O0100170,2025-01-20,2025-01-23
O0600270,2025-06-28,2025-06-30
O0300668,2025-03-09,2025-03-13
O0600983,2025-06-21,2025-06-25
O0600623,2025-06-09,2025-06-10
O0500732,2025-05-03,2025-05-04
O0200118,2025-02-22,2025-02-24
O0600693,2025-06-24,2025-06-27
O0400072,2025-04-04,2025-04-07
O0300539,2025-03-25,2025-03-27
O0200370,2025-02-23,2025-02-26
O0400655,2025-04-05,2025-04-07
O0200308,2025-02-14,2025-02-17
O0200239,2025-02-14,2025-02-15
O0100461,2025-01-17,2025-01-19
O0600383,2025-06-05,2025-06-07
O0300559,2025-03-30,2025-04-01
O0300616,2025-03-06,2025-03-08
O0500674,2025-05-18,2025-05-19
O0400093,2025-04-13,2025-04-15
O0500149,2025-05-06,2025-05-08
O0601004,2025-06-21,2025-06-23
O0500027,2025-05-24,2025-05-25
O0100646,2025-01-02,2025-01-07
O0300113,2025-03-04,2025-03-06
O0200334,2025-02-22,2025-02-24
O0500802,2025-05-17,2025-05-19
O0200623,2025-02-08,2025-02-12
O0600184,2025-06-04,2025-06-07
O0100059,2025-01-08,2025-01-10
O0500454,2025-06-02,2025-06-07
O0200378,2025-02-26,2025-02-28
O0400657,2025-04-15,2025-04-16
O0200665,2025-02-21,2025-02-24
O0100370,2025-02-02,2025-02-04
O0300099,2025-03-26,2025-03-29
O0500199,2025-05-05,2025-05-07
O0200714,2025-02-26,2025-03-02
O0400800,2025-04-06,2025-04-09
O0100372,2025-01-26,2025-01-31
O0300645,2025-03-24,2025-03-25
O0300605,2025-03-19,2025-03-20
O0500073,2025-05-23,2025-05-25
O0600331,2025-06-07,2025-06-09
O0200513,2025-02-03,2025-02-05
O0500718,2025-05-07,2025-05-08
O0500295,2025-05-12,2025-05-16
O0400917,2025-04-20,2025-04-22
O0200790,2025-02-10,2025-02-11
O0100099,2025-01-18,2025-01-23
O0300719,2025-03-18,2025-03-19
O0400312,2025-04-17,2025-04-19
O0300367,2025-03-18,2025-03-19
O0600822,2025-06-09,2025-06-11
O0500853,2025-05-22,2025-05-23
O0301009,2025-03-23,2025-03-25
O0600442,2025-06-17,2025-06-20
O0400142,2025-04-12,2025-04-13
O0600244,2025-06-06,2025-06-08
O0200100,2025-02-01,2025-02-03
O0500857,2025-05-27,2025-05-29
O0100870,2025-01-06,2025-01-08
O0300812,2025-03-13,2025-03-15
O0300295,2025-03-03,2025-03-07
O0600259,2025-06-21,2025-06-23
O0400001,2025-04-05,2025-04-07
O0300273,2025-03-25,2025-03-27
O0600992,2025-06-27,2025-06-29
O0200628,2025-02-20,2025-02-22
O0200789,2025-02-05,2025-02-07
O0400081,2025-04-23,2025-04-25
O0400341,2025-04-15,2025-04-18
O0600266,2025-06-01,2025-06-03
O0500755,2025-05-13,2025-05-14
O0600083,2025-06-21,2025-06-24
O0600701,2025-07-01,2025-07-05
O0200304,2025-02-22,2025-02-25
O0600287,2025-06-18,2025-06-22
O0200407,2025-02-25,2025-02-27
O0300224,2025-03-10,2025-03-12
O0400913,2025-04-19,2025-04-20
O0200927,2025-02-15,2025-02-21
O0400708,2025-04-30,2025-05-02
O0400296,2025-04-19,2025-04-21
O0200702,2025-02-16,2025-02-19
O0200812,2025-02-07,2025-02-08
O0600989,2025-06-16,2025-06-18
O0100262,2025-01-03,2025-01-04
O0500823,2025-05-16,2025-05-18
O0400715,2025-04-23,2025-04-29
O0500334,2025-05-29,2025-05-31
O0300149,2025-03-17,2025-03-19
O0100239,2025-01-22,2025-01-23
O0600240,2025-06-30,2025-07-02
O0400677,2025-04-21,2025-04-22
O0200554,2025-02-25,2025-02-28
O0500879,2025-05-18,2025-05-23
O0600347,2025-06-27,2025-07-01
O0400085,2025-04-08,2025-04-11
O0600558,2025-06-17,2025-06-18
O0500277,2025-05-09,2025-05-12
O0200791,2025-02-23,2025-02-24
O0100614,2025-01-10,2025-01-12
O0300212,2025-04-02,2025-04-03
O0100202,2025-01-13,2025-01-16
O0400362,2025-04-24,2025-04-27
O0100827,2025-01-04,2025-01-06
O0600154,2025-06-06,2025-06-07
O0501004,2025-05-22,2025-05-24
O0600880,2025-06-16,2025-06-18
O0200932,2025-03-02,2025-03-06
O0100241,2025-01-25,2025-01-27
O0400505,2025-04-28,2025-04-29
O0300384,2025-03-14,2025-03-16
O0300561,2025-03-22,2025-03-24
O0500363,2025-05-16,2025-05-18
O0400892,2025-04-04,2025-04-05
O0100490,2025-01-11,2025-01-12
O0400152,2025-04-27,2025-04-29
O0300017,2025-03-19,2025-03-21
O0600087,2025-06-14,2025-06-19
O0600327,2025-06-17,2025-06-20
O0400899,2025-04-23,2025-04-25
O0600956,2025-06-08,2025-06-09
O0300602,2025-03-17,2025-03-19
O0500436,2025-05-16,2025-05-17
O0500612,2025-05-03,2025-05-06
O0600857,2025-06-12,2025-06-18
O0300288,2025-03-26,2025-03-29
O0600084,2025-06-16,2025-06-17
O0500552,2025-05-10,2025-05-14
O0300473,2025-03-12,2025-03-15
O0200881,2025-02-23,2025-02-24
O0300983,2025-03-15,2025-03-17
O0200754,2025-02-04,2025-02-05
O0500116,2025-05-09,2025-05-11
O0400590,2025-04-14,2025-04-15
O0200327,2025-02-22,2025-02-24
O0600372,2025-06-15,2025-06-16
O0600447,2025-06-14,2025-06-16
O0600067,2025-06-03,2025-06-05
O0500109,2025-05-22,2025-05-27
O0200137,2025-02-21,2025-02-22
O0300679,2025-03-29,2025-03-31
O0200028,2025-02-05,2025-02-07
O0400239,2025-04-02,2025-04-03
O0300308,2025-03-12,2025-03-13
O0400951,2025-04-15,2025-04-18
O0300781,2025-03-09,2025-03-11
O0500664,2025-05-24,2025-05-27
O0100773,2025-01-03,2025-01-04
O0400441,2025-05-01,2025-05-04
O0400021,2025-04-29,2025-04-30
O0600098,2025-06-02,2025-06-05
O0100411,2025-01-24,2025-01-28
O0601023,2025-06-26,2025-06-28
O0100252,2025-01-16,2025-01-21
O0200933,2025-02-11,2025-02-13
O0500990,2025-05-08,2025-05-09
O0100777,2025-01-10,2025-01-11
O0100498,2025-01-16,2025-01-17
O0200928,2025-02-27,2025-03-02
O0100470,2025-01-26,2025-01-27
O0200913,2025-02-18,2025-02-21
O0600712,2025-06-21,2025-06-23
O0400393,2025-04-19,2025-04-25
O0600206,2025-06-19,2025-06-20
O0200082,2025-02-06,2025-02-07
O0200677,2025-02-13,2025-02-14
O0400718,2025-04-21,2025-04-23
O0600346,2025-06-18,2025-06-19
O0400534,2025-04-09,2025-04-12
O0500762,2025-05-26,2025-05-30
O0100073,2025-01-08,2025-01-11
O0500923,2025-05-13,2025-05-15
O0300857,2025-03-21,2025-03-22
O0300970,2025-03-31,2025-04-04
O0500998,2025-05-03,2025-05-05
O0500737,2025-05-20,2025-05-22
O0300330,2025-03-20,2025-03-23
O0200023,2025-02-24,2025-02-26
O0100095,2025-01-14,2025-01-16
O0600032,2025-06-25,2025-06-27
O0500466,2025-05-22,2025-05-25
O0600648,2025-06-13,2025-06-16
O0200110,2025-02-10,2025-02-12
O0200738,2025-02-18,2025-02-19
O0600513,2025-06-19,2025-06-21
O0500493,2025-05-09,2025-05-10
O0200382,2025-02-01,2025-02-05
O0200333,2025-02-11,2025-02-12
O0600542,2025-06-13,2025-06-14
O0300183,2025-03-09,2025-03-11
O0300568,2025-03-29,2025-04-01
O0400559,2025-04-11,2025-04-13
O0200763,2025-02-07,2025-02-08
O0300203,2025-03-15,2025-03-16
O0600854,2025-06-11,2025-06-15
O0300043,2025-03-28,2025-03-29
O0300922,2025-03-21,2025-03-23
O0300298,2025-03-23,2025-03-25
O0300191,2025-03-18,2025-03-21
O0100214,2025-01-13,2025-01-14
O0100237,2025-01-03,2025-01-06
O0400372,2025-04-13,2025-04-16
O0200544,2025-02-11,2025-02-13
O0400565,2025-04-09,2025-04-12
O0400713,2025-04-28,2025-05-01
O0200021,2025-02-28,2025-03-02
O0100598,2025-01-30,2025-01-31
O0600601,2025-06-24,2025-06-28
O0300106,2025-03-02,2025-03-03
O0300324,2025-03-13,2025-03-15
O0400279,2025-04-24,2025-04-26
O0300565,2025-03-13,2025-03-14
O0100621,2025-01-24,2025-01-26
O0400360,2025-04-29,2025-04-30
O0500570,2025-05-07,2025-05-09
O0300543,2025-03-06,2025-03-10
O0300525,2025-03-28,2025-03-30
O0200114,2025-02-26,2025-02-27
O0100483,2025-01-17,2025-01-23
O0600183,2025-06-18,2025-06-21
O0500218,2025-05-04,2025-05-08
O0600198,2025-06-27,2025-06-28
O0100496,2025-01-04,2025-01-05
O0200644,2025-02-06,2025-02-09
O0500319,2025-05-25,2025-05-28
O0300399,2025-03-21,2025-03-22
O0500370,2025-05-15,2025-05-16
O0100150,2025-01-27,2025-01-29
O0200402,2025-02-15,2025-02-18
O0600525,2025-06-18,2025-06-20
O0501013,2025-05-04,2025-05-06
O0301028,2025-03-23,2025-03-25
O0500677,2025-05-31,2025-06-02
O0300141,2025-03-22,2025-03-23
O0600867,2025-06-28,2025-07-01
O0100457,2025-01-08,2025-01-10
O0100280,2025-01-04,2025-01-06
O0500087,2025-05-29,2025-05-31
O0200819,2025-02-15,2025-02-16
O0300782,2025-03-21,2025-03-23
O0200616,2025-02-13,2025-02-16
O0300847,2025-03-09,2025-03-13
O0400479,2025-04-20,2025-04-23
O0300779,2025-03-06,2025-03-07
O0200489,2025-02-14,2025-02-16
O0100218,2025-01-11,2025-01-12
O0600169,2025-06-17,2025-06-20
O0600911,2025-06-14,2025-06-16
O0600366,2025-06-26,2025-06-27
O0300979,2025-03-24,2025-03-25
O0300429,2025-03-21,2025-03-23
O0601009,2025-06-17,2025-06-20
O0300811,2025-03-10,2025-03-12
O0500812,2025-05-10,2025-05-11
O0200555,2025-02-20,2025-02-24
O0100221,2025-01-27,2025-02-01
O0200818,2025-02-28,2025-03-01
O0200873,2025-02-13,2025-02-15
O0200263,2025-02-12,2025-02-14
O0600286,2025-06-06,2025-06-07
O0500970,2025-06-02,2025-06-03
O0500712,2025-05-02,2025-05-06
O0600237,2025-06-23,2025-06-25
O0100965,2025-01-06,2025-01-07
O0300580,2025-03-05,2025-03-08
O0100699,2025-01-30,2025-02-01
O0500835,2025-05-12,2025-05-15
O0100064,2025-01-19,2025-01-21
O0600809,2025-06-07,2025-06-08
O0300897,2025-03-01,2025-03-04
O0200802,2025-02-05,2025-02-10
O0600732,2025-06-27,2025-06-28
O0100582,2025-02-01,2025-02-03
O0400390,2025-04-19,2025-04-26
O0200585,2025-02-02,2025-02-03
O0600341,2025-06-26,2025-06-27
O0100836,2025-01-14,2025-01-18
O0200915,2025-03-01,2025-03-03
O0500687,2025-05-13,2025-05-15
O0200191,2025-02-15,2025-02-17
O0600473,2025-06-10,2025-06-11
O0600795,2025-06-23,2025-06-28
O0200088,2025-03-01,2025-03-03
O0100909,2025-01-24,2025-01-26
O0500410,2025-05-10,2025-05-13
O0500080,2025-05-29,2025-06-01
O0300048,2025-03-13,2025-03-15
O0500822,2025-05-17,2025-05-19
O0300670,2025-03-25,2025-03-28
O0300664,2025-03-30,2025-04-01
O0100151,2025-01-12,2025-01-14
O0600722,2025-06-22,2025-06-23
O0300133,2025-03-09,2025-03-12
O0100815,2025-01-07,2025-01-09
O0200353,2025-02-08,2025-02-10
O0400369,2025-04-24,2025-04-26
O0501002,2025-05-06,2025-05-07
O0600465,2025-06-07,2025-06-08
O0200931,2025-02-01,2025-02-04
O0400861,2025-04-03,2025-04-06
O0100266,2025-01-05,2025-01-07
O0500142,2025-05-29,2025-05-31
O0400818,2025-04-25,2025-04-27
O0300373,2025-03-24,2025-03-25
O0400578,2025-04-12,2025-04-15
O0100488,2025-01-27,2025-01-30
O0300144,2025-03-05,2025-03-07
O0500596,2025-05-13,2025-05-15
O0200880,2025-02-08,2025-02-11
O0200149,2025-02-27,2025-02-28
O0300108,2025-03-27,2025-03-30
O0300505,2025-04-01,2025-04-03
O0600814,2025-06-17,2025-06-19
O0400944,2025-04-03,2025-04-04
O0500870,2025-05-10,2025-05-12
O0400407,2025-04-25,2025-04-30
O0500286,2025-05-05,2025-05-08
O0600642,2025-06-24,2025-06-26
O0100443,2025-01-20,2025-01-21
O0500872,2025-05-14,2025-05-16
O0300707,2025-03-21,2025-03-22
O0100602,2025-01-11,2025-01-14
O0500893,2025-05-10,2025-05-12
O0300836,2025-03-05,2025-03-08
O0400463,2025-04-14,2025-04-17
O0400871,2025-04-04,2025-04-05
O0300762,2025-03-14,2025-03-15
O0600212,2025-06-27,2025-06-30
O0100219,2025-01-18,2025-01-19
O0100876,2025-01-06,2025-01-08
O0200379,2025-02-03,2025-02-04
O0600882,2025-06-21,2025-06-24
O0600800,2025-06-03,2025-06-08
O0600093,2025-06-27,2025-06-28
O0400106,2025-04-04,2025-04-08
O0200429,2025-02-05,2025-02-08
O0600437,2025-06-11,2025-06-12
O0500934,2025-05-17,2025-05-19
O0300185,2025-03-12,2025-03-14
O0500722,2025-05-17,2025-05-21
O0400467,2025-04-25,2025-04-26
O0100776,2025-01-06,2025-01-09
O0300028,2025-03-01,2025-03-04
O0600628,2025-06-21,2025-06-22
O0300485,2025-03-25,2025-03-27
O0500374,2025-05-12,2025-05-13
O0600241,2025-06-18,2025-06-20
O0400937,2025-04-25,2025-04-26
O0300842,2025-03-15,2025-03-17
O0100848,2025-01-02,2025-01-07
O0400002,2025-04-21,2025-04-22
O0300636,2025-03-18,2025-03-19
O0300541,2025-03-31,2025-04-03
O0500440,2025-05-17,2025-05-21
O0100922,2025-01-29,2025-01-31
O0400727,2025-04-25,2025-04-28
O0200019,2025-02-03,2025-02-06
O0600938,2025-06-17,2025-06-19
O0200166,2025-02-09,2025-02-13
O0400424,2025-04-18,2025-04-20
O0500156,2025-05-28,2025-05-30
O0100662,2025-01-21,2025-01-24
O0400418,2025-04-11,2025-04-13
O0500298,2025-05-18,2025-05-20
O0100977,2025-01-07,2025-01-09
O0600942,2025-06-30,2025-07-05
O0200550,2025-02-06,2025-02-11
O0300693,2025-03-06,2025-03-09
O0200009,2025-02-09,2025-02-13
O0600486,2025-06-05,2025-06-07
O0400497,2025-04-06,2025-04-07
O0100182,2025-01-28,2025-01-29
O0500281,2025-05-07,2025-05-09
O0500101,2025-05-05,2025-05-08
O0100081,2025-01-06,2025-01-10
O0300248,2025-03-21,2025-03-22
O0400956,2025-04-06,2025-04-07
O0300408,2025-03-24,2025-03-25
O0100865,2025-01-31,2025-02-02
O0300570,2025-03-23,2025-03-25
O0300158,2025-03-23,2025-03-24
O0500088,2025-05-25,2025-05-26
O0500191,2025-05-19,2025-05-22
O0100112,2025-01-30,2025-02-02
O0600846,2025-06-04,2025-06-06
O0300986,2025-03-27,2025-03-28
O0300230,2025-03-20,2025-03-21
O0200676,2025-02-14,2025-02-15
O0100947,2025-01-06,2025-01-09
O0100820,2025-01-15,2025-01-17
O0100435,2025-01-25,2025-01-31
O0400532,2025-04-09,2025-04-12
O0100042,2025-01-07,2025-01-08
O0600231,2025-06-14,2025-06-15
O0100883,2025-01-24,2025-01-28
O0100793,2025-01-11,2025-01-14
O0600239,2025-06-27,2025-06-28
O0600976,2025-07-01,2025-07-04
O0600426,2025-07-01,2025-07-04
O0100712,2025-01-06,2025-01-10
O0100011,2025-01-29,2025-01-30
O0101010,2025-01-07,2025-01-09
O0100269,2025-01-06,2025-01-08
O0100109,2025-01-04,2025-01-08
O0600687,2025-06-08,2025-06-11
O0400541,2025-04-27,2025-04-30
O0200837,2025-02-08,2025-02-09
O0600115,2025-06-08,2025-06-09
O0300371,2025-03-31,2025-04-01
O0300519,2025-03-22,2025-03-27
O0400898,2025-04-19,2025-04-21
O0200706,2025-02-28,2025-03-02
O0600823,2025-06-21,2025-06-23
O0500141,2025-05-22,2025-05-23
O0600899,2025-06-30,2025-07-02
O0400848,2025-04-14,2025-04-16
O0300242,2025-03-19,2025-03-22
O0200434,2025-02-21,2025-02-22
O0500135,2025-05-10,2025-05-13
O0600660,2025-06-25,2025-06-30
O0600250,2025-06-15,2025-06-16
O0500455,2025-05-28,2025-06-01
O0300613,2025-03-13,2025-03-15
O0100915,2025-01-21,2025-01-24
O0200765,2025-02-16,2025-02-18
O0300873,2025-03-27,2025-03-30
O0100407,2025-01-29,2025-02-01
O0600412,2025-06-20,2025-06-23
O0200557,2025-02-11,2025-02-13
O0400415,2025-04-30,2025-05-04
O0100711,2025-01-31,2025-02-03
O0400681,2025-04-04,2025-04-05
O0400119,2025-04-21,2025-04-23
O0300011,2025-03-06,2025-03-08
O0400064,2025-04-04,2025-04-05
O0400282,2025-04-18,2025-04-20
O0500953,2025-05-14,2025-05-19
O0600954,2025-06-17,2025-06-20
O0500189,2025-05-07,2025-05-09
O0400626,2025-04-27,2025-04-30
O0100720,2025-01-31,2025-02-03
O0500555,2025-05-29,2025-05-30
O0400987,2025-04-24,2025-04-26
O0300684,2025-03-09,2025-03-14
O0400082,2025-04-28,2025-05-03
O0300487,2025-03-27,2025-03-30
O0400316,2025-04-24,2025-04-25
O0601001,2025-06-21,2025-06-22
O0300289,2025-03-03,2025-03-04
O0100279,2025-01-29,2025-01-30
O0600024,2025-06-26,2025-06-27
O0300855,2025-03-06,2025-03-07
O0600047,2025-06-09,2025-06-11
O0200253,2025-02-14,2025-02-15
O0300060,2025-03-04,2025-03-06
O0300771,2025-03-23,2025-03-26
O0400632,2025-04-27,2025-04-29
O0101017,2025-01-25,2025-01-27
O0400777,2025-04-18,2025-04-23
O0300720,2025-04-02,2025-04-07
O0600574,2025-06-10,2025-06-15
O0300018,2025-03-04,2025-03-06
O0300655,2025-03-14,2025-03-17
O0600234,2025-07-02,2025-07-04
O0600791,2025-06-22,2025-06-23
O0300698,2025-03-04,2025-03-06
O0600156,2025-06-19,2025-06-20
O0500860,2025-06-02,2025-06-04
O0300544,2025-03-23,2025-03-25
O0300576,2025-03-29,2025-04-01
O0300420,2025-03-23,2025-03-24
O0600141,2025-06-26,2025-06-28
O0100628,2025-01-20,2025-01-22
O0200185,2025-02-15,2025-02-16
O0400555,2025-04-26,2025-04-30
O0600828,2025-06-12,2025-06-13
O0300881,2025-03-15,2025-03-17
O0300355,2025-03-23,2025-03-24
O0500159,2025-05-24,2025-05-26
O0200830,2025-02-23,2025-02-26
O0600230,2025-06-27,2025-06-29
O0600839,2025-06-16,2025-06-17
O0200603,2025-02-10,2025-02-12
O0500234,2025-05-10,2025-05-12
O0600783,2025-07-02,2025-07-03
O0400979,2025-04-01,2025-04-06
O0200069,2025-02-24,2025-02-27
O0100760,2025-01-06,2025-01-07
O0600360,2025-06-12,2025-06-15
O0400173,2025-04-18,2025-04-20
O0400662,2025-04-10,2025-04-12
O0300733,2025-03-31,2025-04-02
O0300279,2025-03-09,2025-03-13
O0500746,2025-05-26,2025-05-31
O0400961,2025-04-19,2025-04-21
O0200615,2025-02-03,2025-02-04
O0100732,2025-01-13,2025-01-14
O0400383,2025-04-19,2025-04-21
O0200470,2025-02-15,2025-02-17
O0400314,2025-05-01,2025-05-04
O0500378,2025-05-25,2025-05-30
O0300990,2025-03-23,2025-03-25
O0400342,2025-04-28,2025-04-30
O0400579,2025-04-11,2025-04-13
O0200275,2025-02-06,2025-02-08
O0300950,2025-03-27,2025-03-30
O0100692,2025-01-16,2025-01-17
O0500740,2025-05-12,2025-05-14
O0600373,2025-06-25,2025-06-27
O0400940,2025-04-17,2025-04-20
O0300055,2025-03-17,2025-03-18
O0600458,2025-06-16,2025-06-21
O0600695,2025-06-08,2025-06-12
O0400070,2025-04-21,2025-04-23
O0200122,2025-03-01,2025-03-03
O0400136,2025-04-13,2025-04-15
O0400866,2025-04-25,2025-04-27
O0200213,2025-02-14,2025-02-17
O0100531,2025-01-16,2025-01-21
O0300701,2025-03-22,2025-03-24
O0200332,2025-02-03,2025-02-05
O0500920,2025-05-02,2025-05-04
O0500480,2025-05-26,2025-05-31
O0500396,2025-05-04,2025-05-06
O0600649,2025-06-21,2025-06-22
O0200288,2025-02-28,2025-03-02
O0600510,2025-06-28,2025-06-30
O0100576,2025-01-23,2025-01-25
O0300858,2025-03-31,2025-04-02
O0600757,2025-06-12,2025-06-14
O0600708,2025-06-17,2025-06-24
O0600892,2025-06-25,2025-06-27
O0100460,2025-01-31,2025-02-03
O0200065,2025-02-23,2025-02-25
O0600100,2025-06-25,2025-06-27
O0300894,2025-03-18,2025-03-20
O0200859,2025-02-06,2025-02-10
O0300014,2025-03-16,2025-03-18
O0300105,2025-03-28,2025-03-31
O0500607,2025-05-08,2025-05-10
O0600428,2025-06-18,2025-06-21
O0200536,2025-02-16,2025-02-18
O0200884,2025-02-17,2025-02-18
O0200464,2025-02-06,2025-02-08
O0100350,2025-01-10,2025-01-13
O0300729,2025-03-27,2025-03-29
O0600217,2025-06-08,2025-06-10
O0100493,2025-02-02,2025-02-03
O0300652,2025-03-05,2025-03-10
O0500055,2025-05-09,2025-05-11
O0200594,2025-02-06,2025-02-07
O0300362,2025-03-08,2025-03-10
O0600255,2025-06-25,2025-06-28
O0400034,2025-04-06,2025-04-08
O0600262,2025-06-02,2025-06-03
O0500803,2025-05-07,2025-05-09
O0400272,2025-04-04,2025-04-06
O0100235,2025-01-11,2025-01-13
O0300551,2025-04-02,2025-04-06
O0600002,2025-06-12,2025-06-17
O0400323,2025-04-12,2025-04-14
O0500328,2025-05-25,2025-05-28
O0400612,2025-04-27,2025-04-28
O0500123,2025-05-22,2025-05-24
O0300283,2025-03-23,2025-03-25
O0100494,2025-01-24,2025-01-26
O0100168,2025-01-13,2025-01-14
O0400199,2025-04-13,2025-04-15
O0300381,2025-03-07,2025-03-08
O0400011,2025-04-15,2025-04-17
O0200341,2025-02-06,2025-02-08
O0200414,2025-02-11,2025-02-13
O0600835,2025-06-16,2025-06-21
O0200770,2025-02-16,2025-02-18
O0400419,2025-04-14,2025-04-15
O0400429,2025-04-08,2025-04-10
O0400170,2025-04-15,2025-04-17
O0200937,2025-02-01,2025-02-02
O0400514,2025-04-03,2025-04-05
O0300919,2025-03-14,2025-03-16
O0300155,2025-03-28,2025-03-30
O0100334,2025-01-30,2025-02-02
O0300145,2025-03-20,2025-03-23
O0400250,2025-04-05,2025-04-07
O0300175,2025-03-29,2025-03-31
O0200081,2025-02-18,2025-02-21
O0600519,2025-06-10,2025-06-12
O0400618,2025-04-26,2025-04-29
O0500566,2025-05-12,2025-05-14
O0200501,2025-02-05,2025-02-07
O0100723,2025-01-08,2025-01-09
O0400208,2025-04-20,2025-04-22
O0100360,2025-01-09,2025-01-12
O0500827,2025-05-31,2025-06-01
O0200278,2025-02-16,2025-02-19
O0300479,2025-03-19,2025-03-20
O0400960,2025-04-13,2025-04-15
O0300337,2025-03-21,2025-03-24
O0600969,2025-06-24,2025-06-26
O0300995,2025-03-12,2025-03-15
O0200539,2025-02-14,2025-02-16
O0400801,2025-04-08,2025-04-11
O0100137,2025-01-17,2025-01-19
O0600546,2025-06-08,2025-06-10
O0400059,2025-04-21,2025-04-23
O0300999,2025-03-20,2025-03-23
O0200438,2025-02-05,2025-02-06
O0100066,2025-01-10,2025-01-11
O0100873,2025-01-13,2025-01-17
O0500017,2025-05-01,2025-05-03
O0400831,2025-04-20,2025-04-23
O0100811,2025-01-30,2025-02-02
O0200297,2025-03-02,2025-03-05
O0600043,2025-07-02,2025-07-04
O0200912,2025-02-12,2025-02-16
O0100923,2025-01-18,2025-01-22
O0400476,2025-04-27,2025-04-28
O0300232,2025-03-15,2025-03-17
O0400214,2025-04-16,2025-04-17
O0600418,2025-06-02,2025-06-03
O0301000,2025-03-14,2025-03-17
O0200476,2025-02-15,2025-02-19
O0200475,2025-02-17,2025-02-19
O0200601,2025-02-27,2025-02-28
O0500916,2025-05-13,2025-05-15
O0200473,2025-02-05,2025-02-09
O0100335,2025-01-24,2025-01-28
O0200580,2025-02-25,2025-02-27
O0400689,2025-04-02,2025-04-03
O0500315,2025-06-01,2025-06-02
O0500720,2025-05-24,2025-05-26
O0600840,2025-06-03,2025-06-05
O0400313,2025-04-06,2025-04-08
O0600088,2025-06-29,2025-07-04
O0500009,2025-05-24,2025-05-26
O0300629,2025-03-23,2025-03-26
O0200959,2025-02-13,2025-02-15
O0400640,2025-04-06,2025-04-07
O0500371,2025-05-20,2025-05-22
O0500042,2025-05-02,2025-05-04
O0100960,2025-01-19,2025-01-24
O0400606,2025-04-12,2025-04-14
O0300860,2025-03-09,2025-03-12
O0200037,2025-02-14,2025-02-16
O0300171,2025-03-18,2025-03-19
O0400878,2025-04-22,2025-04-24
O0300773,2025-03-02,2025-03-04
O0600824,2025-06-12,2025-06-13
O0200659,2025-02-04,2025-02-05
O0100650,2025-01-13,2025-01-19
O0300493,2025-03-24,2025-03-25
O0600052,2025-07-01,2025-07-07
O0500954,2025-05-09,2025-05-10
O0600454,2025-06-13,2025-06-14
O0300968,2025-04-01,2025-04-04
O0400007,2025-04-08,2025-04-13
O0500896,2025-05-16,2025-05-19
O0100065,2025-01-13,2025-01-16
O0300272,2025-03-13,2025-03-18
O0600280,2025-06-28,2025-07-02
O0500935,2025-05-18,2025-05-20
O0100717,2025-01-19,2025-01-22
O0600598,2025-06-05,2025-06-10
O0400348,2025-04-16,2025-04-17
O0300545,2025-03-07,2025-03-10
O0400686,2025-04-03,2025-04-04
O0300830,2025-03-13,2025-03-15
O0100849,2025-01-09,2025-01-10
O0500184,2025-05-02,2025-05-04
O0100919,2025-01-19,2025-01-20
O0600326,2025-06-26,2025-06-29
O0600015,2025-06-04,2025-06-07
O0300441,2025-04-01,2025-04-03
O0600333,2025-06-16,2025-06-19
O0200433,2025-02-11,2025-02-13
O0200588,2025-02-21,2025-02-24
O0300247,2025-03-22,2025-03-23
O0500036,2025-05-18,2025-05-20
O0500524,2025-05-28,2025-06-02
O0100268,2025-01-31,2025-02-04
O0300137,2025-03-22,2025-03-24
O0200267,2025-02-02,2025-02-05
O0600968,2025-06-11,2025-06-12
O0600794,2025-06-06,2025-06-11
O0100403,2025-01-11,2025-01-13
O0100122,2025-01-17,2025-01-18
O0600029,2025-06-25,2025-06-26
O0100485,2025-01-08,2025-01-12
O0400816,2025-04-27,2025-04-28
O0100840,2025-01-10,2025-01-13
O0300852,2025-03-27,2025-03-30
O0600328,2025-06-22,2025-06-23
O0100110,2025-01-12,2025-01-14
O0600946,2025-06-23,2025-06-25
O0200641,2025-02-14,2025-02-17
O0100645,2025-01-17,2025-01-19
O0300260,2025-03-12,2025-03-13
O0400149,2025-04-10,2025-04-11
O0300008,2025-03-14,2025-03-17
O0500813,2025-05-05,2025-05-07
O0300040,2025-03-23,2025-03-25
O0200566,2025-03-01,2025-03-06
O0300757,2025-03-22,2025-03-25
O0301013,2025-03-05,2025-03-11
O0200705,2025-02-12,2025-02-14
O0400557,2025-04-23,2025-04-25
O0300436,2025-03-03,2025-03-04
O0300503,2025-03-04,2025-03-05
O0500659,2025-05-04,2025-05-05
O0300129,2025-03-16,2025-03-17
O0200527,2025-02-13,2025-02-16
O0100293,2025-01-22,2025-01-25
O0200338,2025-03-01,2025-03-04
O0500517,2025-05-08,2025-05-11
O0500938,2025-05-10,2025-05-12
O0600296,2025-06-27,2025-06-28
O0300573,2025-03-28,2025-03-30
O0400791,2025-04-07,2025-04-10
O0500697,2025-05-09,2025-05-10
O0400915,2025-04-03,2025-04-04
O0600017,2025-06-15,2025-06-16
O0300885,2025-03-25,2025-03-27
O0100759,2025-02-01,2025-02-03
O0500948,2025-05-31,2025-06-01
O0300182,2025-03-10,2025-03-13
O0100639,2025-01-14,2025-01-16
O0400853,2025-04-26,2025-04-28
O0400203,2025-04-15,2025-04-18
O0600405,2025-06-28,2025-07-03
O0200104,2025-02-20,2025-02-22
O0500839,2025-05-18,2025-05-21
O0100296,2025-01-29,2025-02-01
O0600521,2025-06-27,2025-06-29
O0500035,2025-05-27,2025-05-30
O0300708,2025-03-20,2025-03-24
O0500449,2025-05-11,2025-05-12
O0500359,2025-05-11,2025-05-13
O0300915,2025-03-15,2025-03-16
O0300168,2025-03-02,2025-03-03
O0200090,2025-02-12,2025-02-13
O0200593,2025-02-13,2025-02-15
O0400923,2025-04-18,2025-04-23
O0100833,2025-01-15,2025-01-17
O0300340,2025-04-01,2025-04-02
O0500401,2025-05-11,2025-05-14
O0200941,2025-02-13,2025-02-15
O0500407,2025-05-03,2025-05-05
O0300649,2025-03-20,2025-03-23
O0100439,2025-01-15,2025-01-17
O0100834,2025-01-07,2025-01-08
O0600986,2025-06-11,2025-06-13
O0200115,2025-02-11,2025-02-12
O0600570,2025-06-28,2025-06-30
O0100098,2025-01-10,2025-01-13
O0400918,2025-04-23,2025-04-25
O0300263,2025-03-01,2025-03-03
O0400623,2025-04-30,2025-05-01
O0100658,2025-01-18,2025-01-23
O0100684,2025-01-26,2025-01-29
O0600242,2025-06-12,2025-06-14
O0601002,2025-06-15,2025-06-17
O0500195,2025-05-07,2025-05-09
O0400523,2025-04-22,2025-04-23
O0400378,2025-04-11,2025-04-15
O0200243,2025-02-05,2025-02-07
O0400075,2025-04-22,2025-04-25
O0500098,2025-05-27,2025-05-28
O0400347,2025-04-13,2025-04-16
O0600589,2025-07-02,2025-07-05
O0500445,2025-05-09,2025-05-11
O0200262,2025-02-04,2025-02-06
O0600145,2025-06-06,2025-06-08
O0400406,2025-04-21,2025-04-23
O0400131,2025-04-04,2025-04-06
O0600830,2025-06-30,2025-07-02
O0200201,2025-02-09,2025-02-14
O0200074,2025-02-14,2025-02-18
O0200820,2025-02-03,2025-02-07
O0100608,2025-01-11,2025-01-13
O0500416,2025-05-10,2025-05-12
O0100082,2025-01-27,2025-01-30
O0100442,2025-01-28,2025-01-31
O0100482,2025-01-31,2025-02-01
O0200629,2025-02-28,2025-03-01
O0100567,2025-01-10,2025-01-12
O0101003,2025-01-12,2025-01-14
O0200508,2025-02-15,2025-02-16
O0600780,2025-06-17,2025-06-19
O0200376,2025-02-20,2025-02-22
O0300118,2025-03-30,2025-04-01
O0100216,2025-01-14,2025-01-15
O0600777,2025-06-11,2025-06-12
O0601021,2025-06-12,2025-06-16
O0500365,2025-05-05,2025-05-07
O0300176,2025-03-08,2025-03-10
O0100707,2025-01-23,2025-01-25
O0300156,2025-03-05,2025-03-06
O0400846,2025-04-23,2025-04-27
O0400352,2025-04-26,2025-04-27
O0500904,2025-05-11,2025-05-13
O0100589,2025-01-16,2025-01-18
O0200693,2025-02-10,2025-02-13
O0400380,2025-05-01,2025-05-07
O0500026,2025-05-03,2025-05-04
O0300562,2025-03-31,2025-04-01
O0600947,2025-06-26,2025-06-30
O0300125,2025-03-05,2025-03-08
O0300756,2025-03-04,2025-03-06
O0500666,2025-05-14,2025-05-19
O0400726,2025-04-25,2025-04-27
O0100384,2025-01-04,2025-01-06
O0600709,2025-06-12,2025-06-13
O0600135,2025-06-26,2025-06-28
O0400880,2025-04-01,2025-04-04
O0100659,2025-01-11,2025-01-13
O0100208,2025-01-14,2025-01-16
O0300192,2025-03-24,2025-04-01
O0300036,2025-03-10,2025-03-12
O0500325,2025-05-08,2025-05-09
O0300617,2025-03-13,2025-03-16
O0200252,2025-02-09,2025-02-10
O0200681,2025-02-09,2025-02-11
O0500665,2025-05-20,2025-05-25
O0600229,2025-06-09,2025-06-10
O0100513,2025-01-21,2025-01-22
O0500317,2025-05-18,2025-05-20
O0600718,2025-06-13,2025-06-15
O0400613,2025-04-11,2025-04-12
O0400488,2025-04-04,2025-04-07
O0200750,2025-02-08,2025-02-10
O0500977,2025-05-19,2025-05-21
O0300614,2025-03-31,2025-04-01
O0100225,2025-01-30,2025-01-31
O0300419,2025-03-25,2025-03-28
O0500212,2025-05-07,2025-05-10
O0400473,2025-04-18,2025-04-21
O0100743,2025-01-11,2025-01-14
O0200026,2025-02-10,2025-02-11
O0600802,2025-06-14,2025-06-16
O0200562,2025-02-24,2025-02-25
O0500165,2025-05-22,2025-05-24
O0100499,2025-01-17,2025-01-18
O0200046,2025-02-13,2025-02-18
O0400054,2025-04-19,2025-04-21
O0300198,2025-03-30,2025-04-01
O0600663,2025-06-19,2025-06-22
O0600630,2025-06-28,2025-06-30
O0500329,2025-05-11,2025-05-13
O0100171,2025-01-06,2025-01-07
O0400765,2025-04-09,2025-04-12
O0600886,2025-06-07,2025-06-09
O0300154,2025-03-15,2025-03-18
O0400693,2025-04-03,2025-04-05
O0600516,2025-06-20,2025-06-24
O0300925,2025-03-10,2025-03-15
O0500620,2025-05-13,2025-05-15
O0300236,2025-03-17,2025-03-18
O0100623,2025-01-28,2025-02-01
O0100131,2025-01-24,2025-01-26
O0600356,2025-06-01,2025-06-03
O0100804,2025-01-16,2025-01-19
O0200322,2025-02-18,2025-02-19
O0200120,2025-02-15,2025-02-16
O0100952,2025-01-21,2025-01-26
O0300619,2025-03-27,2025-03-30
O0100921,2025-01-03,2025-01-05
O0400416,2025-04-12,2025-04-14
O0600318,2025-06-23,2025-06-28
O0400455,2025-04-27,2025-05-05
O0400691,2025-04-14,2025-04-15
O0200685,2025-02-22,2025-02-23
O0400545,2025-04-20,2025-04-22
O0300415,2025-03-19,2025-03-21
O0500729,2025-05-01,2025-05-03
O0300827,2025-03-13,2025-03-16
O0600315,2025-06-30,2025-07-01
O0400089,2025-04-27,2025-04-28
O0500093,2025-05-12,2025-05-13
O0300363,2025-03-31,2025-04-02
O0501019,2025-05-12,2025-05-13
O0500757,2025-05-20,2025-05-23
O0200361,2025-02-07,2025-02-10
O0400281,2025-04-08,2025-04-09
O0200974,2025-02-04,2025-02-06
O0600551,2025-06-10,2025-06-12
O0400411,2025-04-06,2025-04-12
O0200096,2025-02-07,2025-02-08
O0300603,2025-03-31,2025-04-01
O0500585,2025-05-20,2025-05-22
O0300736,2025-03-20,2025-03-22
O0400387,2025-04-27,2025-04-29
O0100769,2025-01-26,2025-01-27
O0100405,2025-01-13,2025-01-15
O0500252,2025-05-27,2025-05-30
O0200117,2025-02-03,2025-02-05
O0600345,2025-07-01,2025-07-03
O0100858,2025-01-22,2025-01-24
O0100088,2025-01-06,2025-01-07
O0500575,2025-05-12,2025-05-15
O0300481,2025-03-06,2025-03-11
O0200979,2025-02-22,2025-02-26
O0200324,2025-02-24,2025-02-26
O0400756,2025-04-17,2025-04-18
O0300624,2025-03-16,2025-03-20
O0300984,2025-03-21,2025-03-23
O0301027,2025-03-22,2025-03-24
O0100365,2025-01-02,2025-01-03
O0100829,2025-01-22,2025-01-25
O0500901,2025-05-11,2025-05-12
O0300685,2025-03-15,2025-03-17
O0600677,2025-06-24,2025-06-26
O0300243,2025-03-08,2025-03-11
O0400771,2025-04-07,2025-04-09
O0600357,2025-06-04,2025-06-06
O0400946,2025-04-18,2025-04-19
O0300951,2025-03-07,2025-03-09
O0600439,2025-06-02,2025-06-04
O0200833,2025-02-01,2025-02-02
O0500597,2025-05-29,2025-05-30
O0100272,2025-01-16,2025-01-18
O0600124,2025-06-25,2025-06-28
O0500238,2025-05-28,2025-05-31
O0600392,2025-06-23,2025-06-25
O0400301,2025-04-23,2025-04-25
O0500759,2025-05-20,2025-05-23
O0600605,2025-06-30,2025-07-02
O0500717,2025-05-27,2025-05-29
O0600693,2025-06-24,2025-06-27
O0600381,2025-07-01,2025-07-03
O0600182,2025-06-16,2025-06-17
O0600678,2025-06-30,2025-07-03
O0600987,2025-06-14,2025-06-15
O0400972,2025-05-02,2025-05-06
O0600833,2025-07-02,2025-07-07
O0600856,2025-06-20,2025-06-24
O0600281,2025-06-05,2025-06-07
O0600362,2025-06-29,2025-07-01
O0500584,2025-05-14,2025-05-15
O0301017,2025-03-03,2025-03-07
O0200696,2025-02-27,2025-03-01
O0100729,2025-01-23,2025-01-24
O0500532,2025-05-11,2025-05-16
O0400760,2025-04-29,2025-05-01
O0300958,2025-03-06,2025-03-09
O0200356,2025-02-06,2025-02-08
O0300947,2025-03-04,2025-03-06
O0400563,2025-04-22,2025-04-28
O0200651,2025-02-10,2025-02-13
O0500441,2025-05-27,2025-05-30
O0500362,2025-05-14,2025-05-15
O0100996,2025-01-31,2025-02-02
O0200642,2025-02-25,2025-02-26
O0200029,2025-02-12,2025-02-16
O0100768,2025-01-25,2025-01-26
O0500258,2025-05-04,2025-05-07
O0500723,2025-05-04,2025-05-06
O0500579,2025-05-11,2025-05-12
O0600907,2025-06-24,2025-06-25
O0400256,2025-04-30,2025-05-03
O0600821,2025-06-18,2025-06-21
O0200692,2025-02-26,2025-02-27
O0100318,2025-01-12,2025-01-13
O0300287,2025-03-20,2025-03-22
O0300585,2025-03-26,2025-03-27
O0301024,2025-03-22,2025-03-23
O0200568,2025-02-12,2025-02-14
O0600005,2025-07-02,2025-07-04
O0200865,2025-02-26,2025-02-28
O0400494,2025-04-21,2025-04-25
O0500137,2025-05-29,2025-06-01
O0400287,2025-04-27,2025-04-29
O0300025,2025-03-09,2025-03-11
O0300417,2025-03-04,2025-03-08
O0500224,2025-05-12,2025-05-14
O0400211,2025-04-01,2025-04-03
O0600775,2025-06-28,2025-06-30
O0200216,2025-02-26,2025-02-28
O0500868,2025-06-02,2025-06-04
O0600161,2025-06-27,2025-07-02
O0601020,2025-06-25,2025-06-28
O0300750,2025-03-16,2025-03-17
O0100349,2025-01-18,2025-01-19
O0400646,2025-04-04,2025-04-06
O0100018,2025-01-02,2025-01-04
O0300808,2025-03-06,2025-03-07
O0500462,2025-05-06,2025-05-10
O0600391,2025-06-11,2025-06-13
O0200014,2025-02-03,2025-02-07
O0100624,2025-01-15,2025-01-16
O0400596,2025-04-22,2025-04-24
O0500126,2025-05-25,2025-05-27
O0600267,2025-06-28,2025-06-29
O0200582,2025-02-12,2025-02-13
O0300169,2025-03-05,2025-03-07
O0400241,2025-04-22,2025-04-24
O0300849,2025-03-01,2025-03-02
O0300063,2025-03-26,2025-03-27
O0300442,2025-03-16,2025-03-18
O0600610,2025-06-17,2025-06-19
O0200335,2025-02-05,2025-02-07
O0200365,2025-02-22,2025-02-23
O0600909,2025-06-16,2025-06-21
O0300725,2025-03-10,2025-03-16
O0500423,2025-05-19,2025-05-21
O0200949,2025-02-14,2025-02-16
O0300313,2025-03-06,2025-03-08
O0600834,2025-06-29,2025-07-02
O0100212,2025-02-01,2025-02-03
O0500292,2025-05-23,2025-05-25
O0100956,2025-01-16,2025-01-20
O0500748,2025-05-09,2025-05-10
O0100428,2025-01-12,2025-01-13
O0500022,2025-05-01,2025-05-02
O0100034,2025-01-15,2025-01-20
O0600444,2025-06-04,2025-06-07
O0500459,2025-05-30,2025-06-01
O0300527,2025-03-04,2025-03-06
O0400634,2025-04-27,2025-04-29
O0300765,2025-03-12,2025-03-13
O0300193,2025-03-16,2025-03-18
O0200248,2025-02-07,2025-02-09
O0200760,2025-02-02,2025-02-05
O0200396,2025-02-05,2025-02-07
O0600512,2025-06-13,2025-06-14
O0500018,2025-05-28,2025-05-29
O0600745,2025-06-01,2025-06-05
O0500538,2025-05-13,2025-05-14
O0100456,2025-01-09,2025-01-11
O0300259,2025-03-04,2025-03-09
O0500369,2025-05-06,2025-05-09
O0400206,2025-04-04,2025-04-06
O0600453,2025-06-06,2025-06-08
O0500693,2025-05-08,2025-05-09
O0400498,2025-04-07,2025-04-12
O0200503,2025-02-15,2025-02-17
O0300020,2025-03-01,2025-03-03
O0600214,2025-06-08,2025-06-10
O0300622,2025-03-08,2025-03-10
O0600985,2025-06-06,2025-06-08
O0100585,2025-01-15,2025-01-17
O0600095,2025-06-27,2025-06-29
O0100276,2025-01-06,2025-01-08
O0500705,2025-05-27,2025-05-29
O0600664,2025-06-25,2025-06-28
O0100304,2025-01-10,2025-01-11
O0200654,2025-02-10,2025-02-13
O0300463,2025-03-17,2025-03-20
O0400222,2025-04-21,2025-04-23
O0600023,2025-06-22,2025-06-23
O0600195,2025-06-19,2025-06-20
O0300170,2025-03-07,2025-03-09
O0500045,2025-05-22,2025-05-24
O0400849,2025-04-02,2025-04-04
O0200062,2025-02-10,2025-02-12
O0500598,2025-05-26,2025-05-28
O0200852,2025-02-24,2025-02-25
O0500564,2025-05-07,2025-05-08
O0300250,2025-03-22,2025-03-24
O0400665,2025-04-28,2025-04-30
O0200260,2025-02-11,2025-02-12
O0300349,2025-03-22,2025-03-28
O0400388,2025-04-02,2025-04-04
O0300352,2025-03-11,2025-03-13
O0300535,2025-03-23,2025-03-25
O0500651,2025-05-27,2025-05-29
O0500537,2025-05-09,2025-05-14
O0500205,2025-05-31,2025-06-02
O0100413,2025-01-08,2025-01-09
O0300345,2025-03-29,2025-04-04
O0500936,2025-05-23,2025-05-25
O0200193,2025-02-22,2025-02-25
O0100156,2025-01-29,2025-01-31
O0100948,2025-01-16,2025-01-18
O0600363,2025-06-26,2025-06-29
O0600652,2025-06-25,2025-06-29
O0500133,2025-05-06,2025-05-08
O0500912,2025-05-25,2025-05-28
O0100763,2025-01-13,2025-01-14
O0500516,2025-05-18,2025-05-21
O0400796,2025-04-17,2025-04-18
O0300497,2025-03-08,2025-03-09
O0200401,2025-02-24,2025-02-26
O0301016,2025-03-30,2025-04-01
O0600964,2025-06-12,2025-06-13
O0500559,2025-05-09,2025-05-11
O0600748,2025-06-08,2025-06-09
O0200016,2025-02-11,2025-02-12
O0300445,2025-03-17,2025-03-20
O0200306,2025-02-16,2025-02-18
O0500256,2025-05-08,2025-05-10
O0300091,2025-03-06,2025-03-07
O0300081,2025-03-17,2025-03-19
O0500907,2025-05-23,2025-05-25
O0600653,2025-06-15,2025-06-17
O0300495,2025-03-20,2025-03-23
O0200008,2025-02-12,2025-02-13
O0300211,2025-04-01,2025-04-03
O0600641,2025-06-21,2025-06-22
O0600685,2025-06-07,2025-06-09
O0200717,2025-02-12,2025-02-14
O0200362,2025-02-01,2025-02-05
O0600493,2025-06-06,2025-06-08
O0500033,2025-05-20,2025-05-25
O0500867,2025-05-17,2025-05-18
O0600382,2025-06-16,2025-06-19
O0400288,2025-04-11,2025-04-16
O0100367,2025-01-02,2025-01-05
O0600213,2025-06-02,2025-06-04
O0500388,2025-05-30,2025-06-02
O0400090,2025-04-13,2025-04-15
O0100396,2025-01-07,2025-01-10
O0200552,2025-02-05,2025-02-07
O0600999,2025-06-18,2025-06-19
O0101011,2025-01-14,2025-01-17
O0500640,2025-05-13,2025-05-14
O0600160,2025-06-26,2025-06-29
O0600491,2025-06-27,2025-06-28
O0600177,2025-06-11,2025-06-12
O0400670,2025-04-26,2025-04-28
O0500157,2025-05-03,2025-05-04
O0300267,2025-03-09,2025-03-11
O0200680,2025-02-05,2025-02-07
O0100445,2025-01-13,2025-01-15
O0100975,2025-01-14,2025-01-16
O0400109,2025-04-20,2025-04-21
O0600275,2025-06-28,2025-07-01
O0500891,2025-05-11,2025-05-13
O0600396,2025-06-10,2025-06-12
O0400719,2025-04-05,2025-04-06
O0100791,2025-01-19,2025-01-20
O0600377,2025-06-13,2025-06-14
O0100563,2025-01-19,2025-01-21
O0400647,2025-04-08,2025-04-14
O0100356,2025-01-06,2025-01-08
O0500876,2025-05-02,2025-05-04
O0200694,2025-02-27,2025-03-02
O0500947,2025-05-08,2025-05-10
O0500474,2025-05-25,2025-05-27
O0300093,2025-03-04,2025-03-06
O0500678,2025-05-26,2025-05-27
O0601018,2025-06-06,2025-06-07
O0100078,2025-01-12,2025-01-15
O0500225,2025-05-12,2025-05-13
O0200153,2025-02-11,2025-02-13
O0400257,2025-04-30,2025-05-02
O0200067,2025-02-08,2025-02-13
O0600338,2025-06-26,2025-06-27
O0400695,2025-04-16,2025-04-18
O0100390,2025-01-31,2025-02-02
O0500962,2025-05-22,2025-05-24
O0200687,2025-02-23,2025-03-01
O0200749,2025-02-10,2025-02-13
O0600004,2025-06-15,2025-06-17
O0500346,2025-05-16,2025-05-20
O0500993,2025-05-27,2025-05-29
O0600431,2025-07-02,2025-07-03
O0400687,2025-04-26,2025-04-29
O0500554,2025-05-05,2025-05-07
O0200561,2025-02-25,2025-02-27
O0100541,2025-01-24,2025-01-26
O0300943,2025-03-01,2025-03-04
O0400576,2025-04-16,2025-04-22
O0600001,2025-06-27,2025-06-29
O0500408,2025-05-25,2025-05-27
O0400332,2025-04-17,2025-04-20
O0600975,2025-06-13,2025-06-15
O0200771,2025-02-21,2025-02-23
O0200154,2025-02-16,2025-02-17
O0200807,2025-02-05,2025-02-08
O0200183,2025-02-22,2025-02-23
O0600832,2025-06-01,2025-06-02
O0200293,2025-02-11,2025-02-14
O0500348,2025-05-22,2025-05-25
O0500806,2025-05-26,2025-05-28
O0600566,2025-06-24,2025-06-25
O0100319,2025-01-04,2025-01-07
O0300179,2025-03-12,2025-03-14
O0100481,2025-01-19,2025-01-20
O0500383,2025-05-06,2025-05-08
O0100299,2025-01-30,2025-01-31
O0400575,2025-04-27,2025-04-30
O0500647,2025-05-15,2025-05-17
O0600499,2025-06-04,2025-06-05
O0100278,2025-01-25,2025-01-27
O0200530,2025-02-07,2025-02-12
O0200975,2025-02-24,2025-02-25
O0500698,2025-05-24,2025-05-27
O0400027,2025-04-29,2025-05-04
O0200245,2025-02-16,2025-02-17
O0600584,2025-06-25,2025-06-27
O0400417,2025-04-03,2025-04-05
O0300646,2025-03-05,2025-03-07
O0100451,2025-01-28,2025-02-02
O0400621,2025-04-11,2025-04-13
O0500573,2025-05-24,2025-05-25
O0100026,2025-01-10,2025-01-12
O0400185,2025-04-12,2025-04-14
O0100106,2025-01-13,2025-01-15
O0400444,2025-04-05,2025-04-07
O0100931,2025-01-15,2025-01-16
O0200788,2025-02-17,2025-02-19
O0200522,2025-02-21,2025-02-24
O0200564,2025-02-09,2025-02-11
O0300722,2025-03-25,2025-03-28
O0200047,2025-02-08,2025-02-13
O0600647,2025-06-12,2025-06-14
O0600552,2025-07-02,2025-07-03
O0500761,2025-05-28,2025-05-30
O0100535,2025-01-19,2025-01-23
O0600636,2025-06-16,2025-06-18
O0500443,2025-05-08,2025-05-10
O0600394,2025-06-25,2025-06-30
O0500858,2025-05-23,2025-05-25
O0500337,2025-05-11,2025-05-14
O0500882,2025-05-23,2025-05-25
O0100002,2025-01-01,2025-01-02
O0400860,2025-04-01,2025-04-02
O0100448,2025-01-09,2025-01-11
O0600739,2025-06-06,2025-06-11
O0600350,2025-06-24,2025-06-27
O0500902,2025-05-24,2025-05-26
O0301037,2025-03-11,2025-03-12
O0400507,2025-04-05,2025-04-06
O0600910,2025-06-07,2025-06-10
O0400042,2025-04-12,2025-04-13
O0200745,2025-02-18,2025-02-19
O0200360,2025-02-05,2025-02-07
O0300895,2025-03-13,2025-03-16
O0200823,2025-02-23,2025-02-25
O0400643,2025-04-15,2025-04-17
O0500203,2025-05-31,2025-06-02
O0400115,2025-04-01,2025-04-02
O0100397,2025-01-29,2025-01-30
O0601025,2025-06-10,2025-06-12
O0300776,2025-03-31,2025-04-01
O0600699,2025-06-17,2025-06-23
O0600276,2025-06-10,2025-06-12
O0400471,2025-04-16,2025-04-17
O0400046,2025-04-25,2025-04-28
O0200091,2025-02-19,2025-02-21
O0200389,2025-02-24,2025-02-25
O0500260,2025-05-26,2025-05-27
O0100455,2025-01-24,2025-01-25
O0100103,2025-01-29,2025-01-30
O0100966,2025-01-09,2025-01-10
O0200372,2025-02-06,2025-02-07
O0400573,2025-04-27,2025-04-30
O0100881,2025-01-05,2025-01-06
O0600298,2025-06-10,2025-06-15
O0500547,2025-05-12,2025-05-17
O0100330,2025-01-19,2025-01-22
O0600264,2025-06-01,2025-06-04
O0600881,2025-06-24,2025-06-25
O0300738,2025-03-12,2025-03-13
O0300987,2025-03-19,2025-03-21
O0400810,2025-04-23,2025-04-24
O0600040,2025-06-09,2025-06-11
O0200030,2025-02-13,2025-02-15
O0100492,2025-01-23,2025-01-25
O0500913,2025-05-04,2025-05-07
O0600090,2025-06-26,2025-07-02
O0500174,2025-05-14,2025-05-15
O0300859,2025-03-14,2025-03-17
O0200195,2025-02-23,2025-02-24
O0100121,2025-01-23,2025-01-25
O0400893,2025-04-05,2025-04-06
O0100016,2025-01-15,2025-01-18
O0500023,2025-05-26,2025-05-27
O0400123,2025-04-21,2025-04-22
O0300052,2025-03-30,2025-04-01
O0500501,2025-05-06,2025-05-08
O0300523,2025-03-27,2025-03-30
O0500065,2025-05-07,2025-05-10
O0301026,2025-03-07,2025-03-09
O0600482,2025-07-01,2025-07-03
O0600571,2025-06-07,2025-06-10
O0600143,2025-06-22,2025-06-26
O0200130,2025-02-06,2025-02-10
O0500743,2025-05-23,2025-05-25
O0300464,2025-03-10,2025-03-11
O0500100,2025-05-31,2025-06-01
O0100792,2025-01-19,2025-01-21
O0500591,2025-05-13,2025-05-15
O0100275,2025-01-04,2025-01-07
O0200051,2025-02-18,2025-02-20
O0500567,2025-05-29,2025-05-31
O0600872,2025-06-16,2025-06-21
O0200287,2025-02-22,2025-02-26
O0200799,2025-02-17,2025-02-20
O0500529,2025-05-27,2025-05-31
O0500897,2025-05-16,2025-05-18
O0100976,2025-01-15,2025-01-19
O0400675,2025-04-05,2025-04-07
O0400750,2025-04-16,2025-04-18
O0101013,2025-01-30,2025-01-31
O0200285,2025-02-21,2025-02-22
O0200938,2025-02-24,2025-02-26
O0400040,2025-04-29,2025-04-30
O0100797,2025-01-07,2025-01-15
O0200188,2025-02-25,2025-02-26
O0600094,2025-06-23,2025-06-26
O0100521,2025-01-15,2025-01-16
O0600674,2025-06-20,2025-06-22
O0200424,2025-02-22,2025-02-25
O0200952,2025-02-09,2025-02-11
O0200844,2025-02-19,2025-02-20
O0200296,2025-02-28,2025-03-01
O0600425,2025-06-24,2025-06-26
O0300703,2025-03-19,2025-03-20
O0200678,2025-02-15,2025-02-17
O0600369,2025-06-12,2025-06-14
O0300110,2025-03-03,2025-03-04
O0400069,2025-04-24,2025-04-27
O0200441,2025-02-16,2025-02-21
O0100643,2025-01-20,2025-01-22
O0200507,2025-02-26,2025-02-27
O0300704,2025-03-01,2025-03-04
O0500744,2025-05-10,2025-05-12
O0501029,2025-05-07,2025-05-09
O0200106,2025-02-28,2025-03-01
O0100437,2025-01-06,2025-01-08
O0300898,2025-03-11,2025-03-13
O0100970,2025-01-22,2025-01-24
O0600415,2025-06-03,2025-06-05
O0600228,2025-06-19,2025-06-21
O0300501,2025-03-31,2025-04-02
O0100423,2025-01-22,2025-01-24
O0200751,2025-02-28,2025-03-03
O0100781,2025-01-12,2025-01-13
O0400550,2025-04-04,2025-04-07
O0400179,2025-04-19,2025-04-20
O0500267,2025-05-21,2025-05-23
O0100685,2025-01-22,2025-01-25
O0100261,2025-01-19,2025-01-20
O0500633,2025-05-31,2025-06-05
O0100459,2025-01-10,2025-01-12
O0600702,2025-06-24,2025-06-26
O0200155,2025-02-20,2025-02-22
O0200330,2025-02-05,2025-02-07
O0300982,2025-03-22,2025-03-24
O0200591,2025-02-22,2025-02-23
O0200721,2025-02-24,2025-02-26
O0600682,2025-06-03,2025-06-06
O0200471,2025-03-02,2025-03-04
O0100146,2025-01-13,2025-01-16
O0100992,2025-01-28,2025-01-30
O0100474,2025-01-05,2025-01-07
O0300993,2025-03-30,2025-04-05
O0200199,2025-02-02,2025-02-07
O0200784,2025-02-26,2025-02-28
O0500071,2025-05-13,2025-05-14
O0100787,2025-01-09,2025-01-11
O0200075,2025-02-16,2025-02-19
O0300305,2025-03-13,2025-03-14
O0500204,2025-05-27,2025-06-03
O0200741,2025-02-23,2025-02-27
O0100312,2025-01-08,2025-01-12
O0200627,2025-02-06,2025-02-09
O0600560,2025-06-30,2025-07-03
O0400035,2025-04-20,2025-04-22
O0600537,2025-06-24,2025-06-28
O0600716,2025-06-29,2025-06-30
O0200849,2025-02-16,2025-02-19
O0600301,2025-06-21,2025-06-24
O0500884,2025-05-28,2025-05-31
O0500053,2025-05-04,2025-05-06
O0600556,2025-06-23,2025-06-27
O0200835,2025-02-22,2025-02-23
O0400770,2025-04-08,2025-04-09
O0600533,2025-06-04,2025-06-06
O0300912,2025-03-26,2025-03-27
O0100115,2025-01-22,2025-01-23
O0300086,2025-03-22,2025-03-25
O0500211,2025-05-20,2025-05-22
O0100217,2025-01-30,2025-02-04
O0500914,2025-05-01,2025-05-03
O0300651,2025-03-24,2025-03-28
O0500845,2025-05-08,2025-05-13
O0300117,2025-03-23,2025-03-25
O0100726,2025-01-20,2025-01-23
O0500439,2025-05-22,2025-05-23
O0600295,2025-06-04,2025-06-06
O0300471,2025-03-15,2025-03-16
O0500499,2025-05-29,2025-05-31
O0600407,2025-06-10,2025-06-11
O0200656,2025-02-15,2025-02-20
O0300665,2025-03-27,2025-03-30
O0600820,2025-06-24,2025-06-26
O0100250,2025-01-04,2025-01-06
O0300695,2025-04-01,2025-04-03
O0101007,2025-01-07,2025-01-08
O0400077,2025-04-11,2025-04-13
O0100244,2025-01-10,2025-01-12
O0300492,2025-03-08,2025-03-11
O0400690,2025-04-13,2025-04-15
O0300630,2025-03-16,2025-03-18
O0300387,2025-03-23,2025-03-26
O0300443,2025-03-21,2025-03-23
O0200436,2025-02-08,2025-02-11
O0200686,2025-02-21,2025-02-24
O0200368,2025-02-22,2025-02-24
O0100961,2025-01-12,2025-01-14
O0600101,2025-06-30,2025-07-02
O0400939,2025-04-15,2025-04-17
O0400297,2025-04-28,2025-05-01
O0500068,2025-05-03,2025-05-05
O0300329,2025-03-03,2025-03-07
O0200847,2025-02-13,2025-02-15
O0200572,2025-02-15,2025-02-16
O0600862,2025-06-17,2025-06-19
O0200891,2025-02-27,2025-02-28
O0100051,2025-01-31,2025-02-02
O0500987,2025-05-04,2025-05-07
O0400366,2025-04-25,2025-04-28
O0500672,2025-05-22,2025-05-24
O0600118,2025-06-30,2025-07-01
O0300031,2025-03-19,2025-03-22
O0100663,2025-01-17,2025-01-19
O0300879,2025-03-19,2025-03-21
O0300586,2025-03-04,2025-03-06
O0300307,2025-03-09,2025-03-12
O0500816,2025-05-18,2025-05-19
O0300621,2025-03-31,2025-04-02
O0600884,2025-06-04,2025-06-06
O0500730,2025-05-05,2025-05-08
O0301033,2025-03-13,2025-03-14
O0400520,2025-04-25,2025-04-26
O0500444,2025-05-15,2025-05-18
O0400065,2025-04-11,2025-04-16
O0300758,2025-03-24,2025-03-30
O0600916,2025-06-24,2025-06-26
O0100232,2025-01-12,2025-01-15
O0200882,2025-02-18,2025-02-19
O0200237,2025-02-13,2025-02-15
O0400911,2025-04-25,2025-04-28
O0100802,2025-01-30,2025-01-31
O0200683,2025-02-13,2025-02-17
O0600871,2025-07-01,2025-07-03
O0100165,2025-01-03,2025-01-07
O0500099,2025-05-19,2025-05-23
O0200782,2025-02-07,2025-02-09
O0100807,2025-01-30,2025-02-01
O0500703,2025-05-26,2025-05-27
O0400504,2025-04-19,2025-04-20
O0600469,2025-06-22,2025-06-23
O0200426,2025-02-05,2025-02-07
O0500217,2025-05-20,2025-05-22
O0200804,2025-02-24,2025-02-25
O0600606,2025-06-09,2025-06-10
O0300631,2025-03-08,2025-03-10
O0400193,2025-04-19,2025-04-20
O0200861,2025-02-09,2025-02-13
O0600477,2025-06-17,2025-06-19
O0500289,2025-05-22,2025-05-23
O0300874,2025-03-25,2025-03-28
O0500105,2025-05-14,2025-05-19
O0500750,2025-05-11,2025-05-17
O0200041,2025-02-06,2025-02-09
O0600982,2025-06-30,2025-07-08
O0600608,2025-06-24,2025-06-26
O0600505,2025-07-02,2025-07-03
O0400361,2025-04-10,2025-04-13
O0500603,2025-05-19,2025-05-22
O0200222,2025-02-19,2025-02-22
O0400836,2025-04-12,2025-04-14
O0400908,2025-04-19,2025-04-21
O0200405,2025-02-21,2025-02-23
O0200769,2025-02-25,2025-02-27
O0200163,2025-02-05,2025-02-07
O0400841,2025-04-04,2025-04-05
O0300194,2025-03-24,2025-03-27
O0200152,2025-02-08,2025-02-10
O0600713,2025-06-29,2025-07-02
O0500312,2025-05-31,2025-06-02
O0600764,2025-06-29,2025-07-01
O0600172,2025-06-09,2025-06-13
O0400685,2025-04-22,2025-04-24
O0100126,2025-01-13,2025-01-18
O0301036,2025-03-30,2025-04-01
O0400516,2025-04-30,2025-05-02
O0100347,2025-01-07,2025-01-12
O0300325,2025-03-05,2025-03-07
O0500580,2025-05-05,2025-05-07
O0100089,2025-01-07,2025-01-09
O0300026,2025-03-13,2025-03-19
O0200965,2025-02-15,2025-02-17
O0100431,2025-01-19,2025-01-21
O0300604,2025-03-17,2025-03-19
O0100301,2025-01-30,2025-02-02
O0600944,2025-06-13,2025-06-15
O0100497,2025-01-04,2025-01-05
O0100308,2025-01-27,2025-01-30
O0200669,2025-02-09,2025-02-12
O0500121,2025-05-13,2025-05-15
O0200767,2025-02-18,2025-02-20
O0500402,2025-05-30,2025-06-03
O0100824,2025-01-17,2025-01-20
O0200653,2025-02-25,2025-03-04
O0300740,2025-03-02,2025-03-04
O0200197,2025-02-09,2025-02-11
O0300656,2025-03-25,2025-03-28
O0600424,2025-06-05,2025-06-07
O0300127,2025-03-13,2025-03-15
O0200259,2025-02-01,2025-02-04
O0400616,2025-04-15,2025-04-23
O0600547,2025-06-28,2025-07-03
O0200139,2025-02-15,2025-02-16
O0400869,2025-04-07,2025-04-09
O0100233,2025-01-15,2025-01-18
O0500621,2025-05-13,2025-05-15
O0500989,2025-05-31,2025-06-01
O0300053,2025-03-26,2025-03-28
O0400799,2025-04-02,2025-04-06
O0600009,2025-06-16,2025-06-21
O0400904,2025-04-08,2025-04-11
O0500629,2025-05-23,2025-05-26
O0500114,2025-05-27,2025-05-31
O0200208,2025-02-07,2025-02-13
O0500129,2025-05-10,2025-05-11
O0400967,2025-05-01,2025-05-02
O0400328,2025-04-29,2025-04-30
O0100352,2025-01-04,2025-01-05
O0301006,2025-03-28,2025-04-02
O0100597,2025-01-11,2025-01-16
O0500922,2025-05-20,2025-05-21
O0500611,2025-05-25,2025-05-27
O0500050,2025-05-23,2025-05-25
O0500535,2025-05-31,2025-06-01
O0200054,2025-02-09,2025-02-10
O0600466,2025-06-12,2025-06-14
O0300566,2025-04-02,2025-04-06
O0400711,2025-04-07,2025-04-09
O0400084,2025-04-06,2025-04-08
O0400285,2025-04-30,2025-05-02
O0600805,2025-06-11,2025-06-13
O0100640,2025-01-05,2025-01-07
O0300727,2025-03-20,2025-03-25
O0600784,2025-06-12,2025-06-13
O0300300,2025-03-25,2025-03-27
O0500865,2025-05-23,2025-05-27
O0400603,2025-04-08,2025-04-09
O0500525,2025-05-09,2025-05-12
O0600249,2025-06-30,2025-07-01
O0400656,2025-04-11,2025-04-13
O0100264,2025-01-31,2025-02-03
O0300971,2025-03-24,2025-03-29
O0400553,2025-04-21,2025-04-22
O0400642,2025-04-06,2025-04-10
O0300667,2025-03-14,2025-03-20
O0100993,2025-01-16,2025-01-18
O0200567,2025-02-27,2025-03-02
O0600006,2025-06-09,2025-06-12
O0100094,2025-01-03,2025-01-07
O0300396,2025-03-02,2025-03-04
O0600973,2025-06-05,2025-06-07
O0200980,2025-02-27,2025-03-01
O0400317,2025-04-21,2025-04-23
O0300010,2025-03-04,2025-03-06
O0100020,2025-01-06,2025-01-07
O0200862,2025-02-24,2025-02-25
O0300095,2025-03-14,2025-03-15
O0400663,2025-04-29,2025-05-03
O0400414,2025-04-15,2025-04-18
O0300964,2025-03-24,2025-03-25
O0300383,2025-03-08,2025-03-11
O0300517,2025-03-02,2025-03-03
O0200484,2025-02-12,2025-02-14
O0100871,2025-01-09,2025-01-10
O0600388,2025-06-17,2025-06-22
O0300426,2025-03-16,2025-03-21
O0300731,2025-03-04,2025-03-09
O0300734,2025-03-16,2025-03-18
O0500767,2025-05-13,2025-05-15
O0500309,2025-05-11,2025-05-13
O0200942,2025-02-12,2025-02-15
O0600728,2025-06-02,2025-06-03
O0500997,2025-05-17,2025-05-18
O0400948,2025-04-14,2025-04-15
O0600520,2025-06-10,2025-06-12
O0400666,2025-05-02,2025-05-04
O0100191,2025-01-12,2025-01-13
O0200599,2025-02-19,2025-02-20
O0100362,2025-01-23,2025-01-25
O0100917,2025-01-16,2025-01-18
O0500981,2025-05-12,2025-05-16
O0400667,2025-04-19,2025-04-22
O0200517,2025-02-14,2025-02-17
O0500586,2025-05-23,2025-05-25
O0600116,2025-06-05,2025-06-07
O0400468,2025-04-02,2025-04-04
O0300735,2025-03-24,2025-03-26
O0601015,2025-06-09,2025-06-11
O0400683,2025-04-21,2025-04-23
O0100574,2025-02-02,2025-02-04
O0200695,2025-02-13,2025-02-14
O0300792,2025-03-13,2025-03-16
O0300663,2025-03-15,2025-03-21
O0100097,2025-01-31,2025-02-05
O0600460,2025-06-13,2025-06-15
O0400819,2025-04-24,2025-04-26
O0400171,2025-04-28,2025-05-01
O0500685,2025-05-15,2025-05-17
O0300546,2025-03-26,2025-03-28
O0600707,2025-07-01,2025-07-02
O0500779,2025-05-22,2025-05-23
O0100798,2025-01-08,2025-01-09
O0400594,2025-04-03,2025-04-06
O0500230,2025-05-17,2025-05-18
O0500766,2025-05-11,2025-05-13
O0500942,2025-05-22,2025-05-23
O0300717,2025-03-13,2025-03-15
O0500236,2025-05-19,2025-05-21
O0100812,2025-01-30,2025-02-01
O0300490,2025-03-22,2025-03-23
O0100324,2025-01-28,2025-02-01
O0500471,2025-05-28,2025-05-30
O0600190,2025-06-06,2025-06-07
O0400840,2025-04-09,2025-04-10
O0200817,2025-02-24,2025-03-02
O0400015,2025-04-14,2025-04-16
O0600010,2025-06-27,2025-06-28
O0100761,2025-01-22,2025-01-24
O0400231,2025-04-17,2025-04-22
O0500237,2025-05-25,2025-05-30
O0400864,2025-04-07,2025-04-09
O0300240,2025-03-30,2025-03-31
O0501001,2025-05-29,2025-05-31
O0600105,2025-07-01,2025-07-03
O0400508,2025-04-09,2025-04-10
O0300089,2025-03-26,2025-03-27
O0100519,2025-01-10,2025-01-14
O0400512,2025-04-12,2025-04-16
O0100130,2025-01-31,2025-02-01
O0600344,2025-06-08,2025-06-11
O0100619,2025-01-11,2025-01-13
O0200205,2025-02-08,2025-02-13
O0500887,2025-05-02,2025-05-05
O0400637,2025-04-04,2025-04-09
O0600223,2025-06-02,2025-06-04
O0400319,2025-04-15,2025-04-17
O0200307,2025-02-03,2025-02-05
O0300255,2025-03-07,2025-03-13
O0600952,2025-06-22,2025-06-24
O0300284,2025-03-13,2025-03-14
O0100936,2025-01-22,2025-01-27
O0100484,2025-01-22,2025-01-23
O0200459,2025-02-23,2025-02-26
O0500828,2025-05-09,2025-05-10
O0500084,2025-05-30,2025-06-04
O0600305,2025-06-22,2025-06-24
O0600479,2025-06-18,2025-06-20
O0300702,2025-03-17,2025-03-21
O0600221,2025-06-09,2025-06-11
O0100271,2025-01-17,2025-01-19
O0100928,2025-01-28,2025-02-02
O0300635,2025-04-01,2025-04-02
O0400229,2025-04-05,2025-04-06
O0500568,2025-05-08,2025-05-13
O0200972,2025-03-01,2025-03-03
O0300672,2025-03-12,2025-03-14
O0600878,2025-06-09,2025-06-12
O0400672,2025-04-26,2025-04-27
O0300016,2025-03-07,2025-03-09
O0300905,2025-03-07,2025-03-10
O0100681,2025-01-20,2025-01-22
O0300435,2025-03-07,2025-03-09
O0500235,2025-05-24,2025-05-27
O0300045,2025-03-06,2025-03-08
O0400187,2025-04-23,2025-04-24
O0300557,2025-03-02,2025-03-04
O0400437,2025-04-13,2025-04-15
O0300960,2025-03-17,2025-03-19
O0600037,2025-06-26,2025-06-28
O0500127,2025-05-01,2025-05-02
O0100652,2025-01-24,2025-01-25
O0300496,2025-04-01,2025-04-04
O0500583,2025-05-20,2025-05-22
O0200102,2025-02-17,2025-02-21
O0200679,2025-02-12,2025-02-14
O0500560,2025-05-20,2025-05-22
O0500656,2025-05-31,2025-06-01
O0500784,2025-05-06,2025-05-10
O0200461,2025-02-12,2025-02-15
O0100353,2025-01-21,2025-01-23
O0600554,2025-06-21,2025-06-22
O0400935,2025-04-24,2025-04-25
O0300244,2025-03-08,2025-03-10
O0300917,2025-03-02,2025-03-03
O0300468,2025-03-03,2025-03-07
O0200538,2025-02-09,2025-02-12
O0400891,2025-04-08,2025-04-13
O0301021,2025-03-18,2025-03-20
O0200227,2025-02-07,2025-02-10
O0100128,2025-01-21,2025-01-22
O0300312,2025-03-26,2025-03-27
O0600863,2025-06-08,2025-06-10
O0400264,2025-04-08,2025-04-10
O0500764,2025-05-31,2025-06-01
O0100520,2025-01-16,2025-01-18
O0600843,2025-06-28,2025-06-29
O0100055,2025-01-03,2025-01-05
O0400055,2025-04-26,2025-04-28
O0300433,2025-03-19,2025-03-20
O0600869,2025-06-24,2025-06-25
O0100061,2025-01-19,2025-01-21
O0500484,2025-05-09,2025-05-11
O0200803,2025-02-27,2025-03-02
O0300241,2025-03-14,2025-03-19
O0300978,2025-03-30,2025-03-31
O0300910,2025-03-12,2025-03-13
O0400218,2025-04-10,2025-04-12
O0600022,2025-06-04,2025-06-06
O0400304,2025-04-06,2025-04-11
O0100001,2025-01-20,2025-01-22
O0400129,2025-04-25,2025-04-27
O0600500,2025-06-18,2025-06-20
O0100320,2025-01-13,2025-01-16
O0500662,2025-05-29,2025-05-30
O0500630,2025-05-06,2025-05-08
O0100690,2025-01-22,2025-01-23
O0500842,2025-05-15,2025-05-19
O0400823,2025-04-13,2025-04-16
O0400009,2025-04-22,2025-04-23
O0200787,2025-02-12,2025-02-13
O0400102,2025-04-10,2025-04-13
O0500702,2025-05-03,2025-05-05
O0400196,2025-05-02,2025-05-03
O0100580,2025-01-22,2025-01-23
O0300054,2025-03-10,2025-03-11
O0100025,2025-01-13,2025-01-15
O0100605,2025-01-19,2025-01-21
O0200181,2025-02-04,2025-02-07
O0200723,2025-03-02,2025-03-04
O0500610,2025-05-19,2025-05-21
O0600524,2025-06-11,2025-06-15
O0100551,2025-01-13,2025-01-14
O0301003,2025-03-03,2025-03-05
O0500849,2025-05-09,2025-05-10
O0300403,2025-03-17,2025-03-20
O0300066,2025-03-30,2025-04-01
O0300478,2025-03-31,2025-04-01
O0200386,2025-02-18,2025-02-22
O0200727,2025-02-09,2025-02-14
O0400397,2025-04-06,2025-04-07
O0200388,2025-02-05,2025-02-07
O0600734,2025-06-15,2025-06-16
O0500483,2025-05-25,2025-05-26
O0100537,2025-01-06,2025-01-08
O0500430,2025-05-01,2025-05-02
O0300379,2025-03-18,2025-03-19
O0300215,2025-03-09,2025-03-11
O0200786,2025-02-05,2025-02-07
O0500735,2025-05-17,2025-05-22
O0300889,2025-03-12,2025-03-13
O0500069,2025-05-14,2025-05-16
O0400147,2025-04-01,2025-04-07
O0200452,2025-02-19,2025-02-21
O0600738,2025-06-24,2025-06-26
O0100450,2025-01-15,2025-01-20
O0600012,2025-06-14,2025-06-16
O0600146,2025-06-02,2025-06-04
O0300749,2025-03-27,2025-03-30
O0100664,2025-01-13,2025-01-15
O0500798,2025-05-22,2025-05-23
O0600314,2025-06-08,2025-06-09
O0200374,2025-02-09,2025-02-10
O0501021,2025-05-22,2025-05-24
O0400890,2025-04-21,2025-04-23
O0600675,2025-06-14,2025-06-16
O0500738,2025-05-28,2025-05-31
O0200777,2025-02-05,2025-02-07
O0100333,2025-01-18,2025-01-20
O0400442,2025-04-03,2025-04-05
O0500394,2025-05-02,2025-05-05
O0500468,2025-05-23,2025-05-25
O0300591,2025-03-22,2025-03-24
O0400934,2025-04-20,2025-04-24
O0200035,2025-02-16,2025-02-17
O0300315,2025-03-25,2025-03-27
O0300499,2025-03-13,2025-03-15
O0300416,2025-03-20,2025-03-28
O0100679,2025-01-26,2025-01-30
O0600271,2025-06-04,2025-06-06
O0500726,2025-05-28,2025-05-29
O0200857,2025-02-04,2025-02-07
O0300235,2025-03-08,2025-03-10
O0500819,2025-05-10,2025-05-12
O0600191,2025-06-30,2025-07-03
O0500921,2025-06-02,2025-06-04
O0200212,2025-02-19,2025-02-21
O0500446,2025-05-31,2025-06-03
O0100731,2025-01-15,2025-01-16
O0400198,2025-04-20,2025-04-21
O0500326,2025-05-15,2025-05-17
O0200050,2025-02-03,2025-02-08
O0400856,2025-04-25,2025-04-27
O0200811,2025-02-12,2025-02-13
O0600409,2025-06-27,2025-06-28
O0600661,2025-06-16,2025-06-19
O0600476,2025-06-17,2025-06-19
O0400292,2025-04-13,2025-04-14
O0100578,2025-01-24,2025-01-31
O0400098,2025-04-23,2025-04-24
O0200498,2025-02-20,2025-02-21
O0400804,2025-04-11,2025-04-12
O0300896,2025-03-25,2025-03-26
O0500263,2025-05-07,2025-05-08
O0600625,2025-06-29,2025-06-30
O0200451,2025-02-14,2025-02-16
O0200943,2025-02-16,2025-02-19
O0400704,2025-04-16,2025-04-19
O0500047,2025-05-20,2025-05-25
O0100661,2025-01-12,2025-01-15
O0501012,2025-05-05,2025-05-06
O0500232,2025-05-18,2025-05-21
O0500635,2025-05-05,2025-05-07
O0600622,2025-06-07,2025-06-10
O0100315,2025-01-23,2025-01-25
O0500064,2025-05-08,2025-05-11
O0100188,2025-01-24,2025-01-27
O0200639,2025-02-10,2025-02-12
O0200739,2025-02-19,2025-02-21
O0300425,2025-03-08,2025-03-12
O0400608,2025-04-14,2025-04-17
O0400181,2025-04-24,2025-04-26
O0500313,2025-05-27,2025-05-29
O0600329,2025-06-23,2025-06-24
O0400014,2025-04-05,2025-04-12
O0500836,2025-05-25,2025-05-26
O0300372,2025-03-22,2025-03-25
O0600668,2025-06-07,2025-06-09
O0500145,2025-05-14,2025-05-15
O0200970,2025-02-16,2025-02-18
O0500756,2025-05-14,2025-05-15
O0200417,2025-02-15,2025-02-17
O0400127,2025-04-12,2025-04-13
O0600781,2025-06-02,2025-06-04
O0500091,2025-06-01,2025-06-02
O0100788,2025-01-22,2025-01-23
O0400227,2025-04-02,2025-04-03
O0600901,2025-06-05,2025-06-06
O0601013,2025-06-21,2025-06-23
O0400260,2025-04-01,2025-04-03
O0300697,2025-03-12,2025-03-14
O0400381,2025-04-19,2025-04-20
O0400359,2025-04-25,2025-04-26
O0200792,2025-02-18,2025-02-19
O0300427,2025-03-20,2025-03-22
O0100205,2025-02-02,2025-02-06
O0400947,2025-04-19,2025-04-21
O0600099,2025-06-06,2025-06-07
O0100632,2025-01-29,2025-01-31
O0501000,2025-05-31,2025-06-02
O0600400,2025-06-21,2025-06-24
O0500790,2025-05-09,2025-05-10
O0300866,2025-03-30,2025-04-01
O0100530,2025-01-14,2025-01-16
O0200968,2025-02-28,2025-03-02
O0300365,2025-03-31,2025-04-01
O0600920,2025-06-14,2025-06-16
O0500955,2025-05-03,2025-05-05
O0400118,2025-04-04,2025-04-05
O0300953,2025-03-06,2025-03-08
O0400572,2025-04-26,2025-04-28
O0200472,2025-02-03,2025-02-05
O0500553,2025-05-26,2025-05-28
O0100564,2025-01-29,2025-01-30
O0600691,2025-06-26,2025-06-28
O0100660,2025-01-24,2025-01-26
O0500825,2025-05-13,2025-05-14
O0500944,2025-05-10,2025-05-15
O0200649,2025-02-13,2025-02-15
O0100906,2025-01-28,2025-01-29
O0400887,2025-04-24,2025-04-27
O0600238,2025-06-24,2025-06-27
O0600119,2025-06-06,2025-06-08
O0100467,2025-01-09,2025-01-11
O0200898,2025-02-04,2025-02-06
O0200670,2025-02-13,2025-02-15
O0400845,2025-04-29,2025-05-01
O0300608,2025-03-03,2025-03-04
O0500434,2025-05-24,2025-05-26
O0200126,2025-02-10,2025-02-11
O0500239,2025-05-20,2025-05-22
O0301030,2025-03-01,2025-03-03
O0200133,2025-02-10,2025-02-12
O0400303,2025-04-30,2025-05-05
O0300309,2025-03-20,2025-03-22
O0100302,2025-01-22,2025-01-23
O0200658,2025-02-19,2025-02-21
O0500375,2025-05-04,2025-05-06
O0100676,2025-01-20,2025-01-24
O0500793,2025-05-12,2025-05-14
O0500393,2025-05-28,2025-05-30
O0200691,2025-03-01,2025-03-04
O0301032,2025-03-15,2025-03-16
O0400330,2025-04-28,2025-04-29
O0300239,2025-03-26,2025-03-27
O0600815,2025-06-24,2025-06-26
O0400535,2025-04-27,2025-04-29
O0500220,2025-05-16,2025-05-18
O0300208,2025-03-09,2025-03-11
O0600224,2025-06-07,2025-06-10
O0100213,2025-01-03,2025-01-04
O0100196,2025-01-14,2025-01-16
O0200270,2025-02-28,2025-03-03
O0600386,2025-06-25,2025-06-27
O0500381,2025-05-06,2025-05-10
O0500244,2025-05-05,2025-05-06
O0500092,2025-05-10,2025-05-12
O0300745,2025-03-11,2025-03-14
O0100719,2025-01-28,2025-02-02
O0100741,2025-01-19,2025-01-24
O0100265,2025-01-22,2025-01-25
O0300848,2025-03-14,2025-03-16
O0600398,2025-06-28,2025-07-02
O0300892,2025-03-10,2025-03-11
O0200934,2025-02-20,2025-02-22
O0200875,2025-02-17,2025-02-18
O0100340,2025-01-05,2025-01-08
O0400079,2025-04-13,2025-04-15
O0600548,2025-06-16,2025-06-21
O0200499,2025-02-21,2025-02-22
O0500245,2025-05-15,2025-05-21
O0500120,2025-05-06,2025-05-08
O0500433,2025-05-03,2025-05-05
O0200908,2025-02-23,2025-02-25
O0100187,2025-01-26,2025-01-28
O0200870,2025-03-01,2025-03-04
O0600451,2025-06-15,2025-06-16
O0500548,2025-05-14,2025-05-16
O0200254,2025-02-23,2025-02-25
O0101002,2025-02-02,2025-02-03
O0400016,2025-04-15,2025-04-18
O0600680,2025-06-06,2025-06-09
O0600256,2025-06-25,2025-06-27
O0300389,2025-03-17,2025-03-21
O0300839,2025-03-15,2025-03-16
O0400321,2025-04-12,2025-04-14
O0300739,2025-03-28,2025-03-30
O0600459,2025-06-06,2025-06-09
O0300976,2025-03-30,2025-04-03
O0300138,2025-03-17,2025-03-20
O0100785,2025-01-25,2025-01-27
O0200512,2025-02-20,2025-02-21
O0600351,2025-06-17,2025-06-19
O0400290,2025-04-16,2025-04-19
O0300578,2025-03-04,2025-03-06
O0600575,2025-07-01,2025-07-03
O0500151,2025-05-18,2025-05-20
O0200214,2025-03-01,2025-03-02
O0300799,2025-03-17,2025-03-19
O0400230,2025-04-18,2025-04-20
O0600746,2025-06-16,2025-06-19
O0400835,2025-04-23,2025-04-24
O0400315,2025-04-22,2025-04-24
O0400051,2025-04-27,2025-04-28
O0100555,2025-01-11,2025-01-12
O0300254,2025-03-31,2025-04-02
O0300080,2025-03-15,2025-03-17
O0300394,2025-03-09,2025-03-11
O0500421,2025-05-19,2025-05-20
O0500058,2025-05-07,2025-05-10
O0100032,2025-01-28,2025-01-29
O0200007,2025-03-01,2025-03-04
O0300627,2025-03-28,2025-03-31
O0200456,2025-02-14,2025-02-15
O0600035,2025-06-19,2025-06-21
O0600634,2025-06-22,2025-06-27
O0300813,2025-04-02,2025-04-03
O0100638,2025-01-17,2025-01-19
O0400339,2025-04-28,2025-04-30
O0400475,2025-04-05,2025-04-07
O0600639,2025-06-05,2025-06-07
O0600257,2025-06-15,2025-06-17
O0600284,2025-06-05,2025-06-07
O0400128,2025-04-17,2025-04-18
O0600248,2025-06-26,2025-06-28
O0100281,2025-01-12,2025-01-14
O0600173,2025-06-06,2025-06-08
O0300587,2025-03-19,2025-03-23
O0400652,2025-04-16,2025-04-18
O0200135,2025-02-23,2025-02-26
O0200806,2025-02-07,2025-02-10
O0500417,2025-05-03,2025-05-04
O0100452,2025-01-23,2025-01-25
O0300437,2025-03-19,2025-03-21
O0200101,2025-02-16,2025-02-21
O0600760,2025-06-26,2025-06-27
O0100145,2025-01-11,2025-01-13
O0500875,2025-05-11,2025-05-12
O0400194,2025-04-30,2025-05-02
O0500261,2025-05-13,2025-05-16
O0100813,2025-01-20,2025-01-27
O0400013,2025-04-28,2025-05-01
O0600073,2025-06-29,2025-07-01
O0100594,2025-01-23,2025-01-24
O0600504,2025-06-13,2025-06-14
O0600193,2025-06-29,2025-07-02
O0200549,2025-02-03,2025-02-06
O0400114,2025-04-17,2025-04-18
O0200447,2025-02-18,2025-02-20
O0400877,2025-04-13,2025-04-17
O0600827,2025-06-14,2025-06-16
O0400955,2025-04-30,2025-05-02
O0400873,2025-04-25,2025-04-29
O0601011,2025-06-29,2025-07-01
O0500515,2025-05-26,2025-05-28
O0601008,2025-06-29,2025-07-01
O0400783,2025-04-22,2025-04-25
O0200276,2025-02-06,2025-02-07
O0500400,2025-05-03,2025-05-05
O0400353,2025-04-15,2025-04-17
O0100780,2025-01-13,2025-01-15
O0300357,2025-04-02,2025-04-04
O0500176,2025-05-29,2025-05-31
O0600825,2025-06-11,2025-06-14
O0500982,2025-05-28,2025-05-31
O0300398,2025-03-11,2025-03-12
O0600304,2025-06-29,2025-07-01
O0300186,2025-03-31,2025-04-02
O0100670,2025-01-15,2025-01-17
O0600297,2025-06-06,2025-06-07
O0300509,2025-03-30,2025-04-06
O0200337,2025-02-24,2025-02-25
O0200145,2025-02-02,2025-02-04
O0100243,2025-01-07,2025-01-09
O0600207,2025-06-16,2025-06-19
O0600629,2025-06-27,2025-06-28
O0100152,2025-01-08,2025-01-10
O0600759,2025-06-14,2025-06-15
O0200142,2025-02-12,2025-02-14
O0500616,2025-05-18,2025-05-21
O0101019,2025-01-16,2025-01-18
O0400817,2025-04-16,2025-04-19
O0200084,2025-02-04,2025-02-05
O0400659,2025-04-14,2025-04-20
O0200638,2025-02-22,2025-02-23
O0100569,2025-01-18,2025-01-20
O0300601,2025-03-25,2025-03-27
O0500456,2025-05-18,2025-05-19
O0400268,2025-04-12,2025-04-15
O0400633,2025-04-25,2025-04-26
O0500242,2025-05-08,2025-05-09
O0100999,2025-01-19,2025-01-20
O0300678,2025-04-01,2025-04-03
O0300584,2025-03-29,2025-04-01
O0100067,2025-01-26,2025-01-31
O0400217,2025-04-07,2025-04-12
O0300788,2025-03-03,2025-03-09
O0600128,2025-06-18,2025-06-20
O0400493,2025-04-10,2025-04-16
O0200076,2025-02-15,2025-02-16
O0100227,2025-01-10,2025-01-11
O0200815,2025-02-19,2025-02-20
O0600595,2025-06-25,2025-06-26
O0200315,2025-02-21,2025-02-23
O0500356,2025-05-13,2025-05-15
O0100880,2025-01-27,2025-01-29
O0100971,2025-01-07,2025-01-08
O0400073,2025-04-09,2025-04-14
O0500587,2025-05-19,2025-05-21
O0400271,2025-04-17,2025-04-19
O0100471,2025-01-14,2025-01-16
O0500113,2025-05-25,2025-05-27
O0200036,2025-02-28,2025-03-02
O0200849,2025-02-16,2025-02-19
O0500918,2025-05-17,2025-05-18
O0100211,2025-01-18,2025-01-20
O0600928,2025-06-10,2025-06-12
O0600063,2025-06-01,2025-06-03
O0100695,2025-01-18,2025-01-23
O0400562,2025-04-19,2025-04-21
O0300167,2025-03-29,2025-04-03
O0500927,2025-05-19,2025-05-20
O0600905,2025-06-19,2025-06-23
O0600934,2025-06-12,2025-06-14
O0300161,2025-03-08,2025-03-10
O0400751,2025-04-16,2025-04-17
O0200556,2025-02-06,2025-02-08
O0200497,2025-02-10,2025-02-12
O0400343,2025-04-13,2025-04-15
O0200597,2025-02-07,2025-02-08
O0300700,2025-03-20,2025-03-22
O0500347,2025-05-31,2025-06-02
O0400423,2025-04-05,2025-04-07
O0500775,2025-05-16,2025-05-18
O0200964,2025-02-15,2025-02-17
O0300246,2025-03-25,2025-03-26
O0400294,2025-04-05,2025-04-08
O0100560,2025-01-12,2025-01-17
O0100610,2025-01-13,2025-01-16
O0300341,2025-03-19,2025-03-22
O0100464,2025-01-21,2025-01-23
O0500251,2025-05-28,2025-05-30
O0100904,2025-01-08,2025-01-09
O0100508,2025-01-20,2025-01-22
O0500376,2025-05-16,2025-05-18
O0100351,2025-01-13,2025-01-17
O0200511,2025-03-01,2025-03-04
O0400981,2025-04-12,2025-04-17
O0300948,2025-03-16,2025-03-17
O0100331,2025-01-04,2025-01-05
O0200780,2025-02-20,2025-02-22
O0500572,2025-05-23,2025-05-25
O0400914,2025-04-27,2025-04-29
O0500846,2025-05-07,2025-05-09
O0100762,2025-01-27,2025-01-28
O0100767,2025-01-19,2025-01-20
O0400299,2025-04-07,2025-04-10
O0300805,2025-03-21,2025-03-23
O0100124,2025-01-26,2025-01-28
O0600194,2025-06-30,2025-07-05
O0600778,2025-06-03,2025-06-05
O0300682,2025-03-27,2025-03-28
O0600243,2025-06-03,2025-06-05
O0100116,2025-01-02,2025-01-04
O0100154,2025-01-31,2025-02-03
O0500037,2025-05-08,2025-05-09
O0600014,2025-06-27,2025-06-30
O0500085,2025-05-20,2025-05-22
O0300119,2025-03-12,2025-03-14
O0100458,2025-01-31,2025-02-02
O0600449,2025-06-24,2025-06-29
O0500107,2025-05-11,2025-05-15
O0100256,2025-01-09,2025-01-11
O0400881,2025-04-29,2025-05-03
O0400140,2025-04-14,2025-04-15
O0400095,2025-04-14,2025-04-15
O0100222,2025-01-28,2025-01-30
O0600859,2025-06-19,2025-06-22
O0300516,2025-03-27,2025-03-28
O0100742,2025-01-03,2025-01-04
O0100949,2025-01-22,2025-01-24
O0300502,2025-03-22,2025-03-23
O0200495,2025-02-04,2025-02-06
O0600617,2025-06-04,2025-06-07
O0500545,2025-05-27,2025-05-30
O0600021,2025-06-23,2025-06-26
O0100730,2025-01-18,2025-01-20
O0300339,2025-03-13,2025-03-17
O0400517,2025-04-05,2025-04-07
O0100023,2025-01-29,2025-01-30
O0600974,2025-06-19,2025-06-21
O0600633,2025-06-26,2025-06-28
O0600222,2025-06-28,2025-07-01
O0300163,2025-03-07,2025-03-09
O0600618,2025-06-27,2025-07-03
O0500086,2025-05-06,2025-05-09
O0100538,2025-01-17,2025-01-20
O0300472,2025-03-11,2025-03-12
O0300824,2025-03-16,2025-03-17
O0200467,2025-02-14,2025-02-17
O0400744,2025-04-20,2025-04-22
O0301001,2025-03-16,2025-03-18
O0200092,2025-02-07,2025-02-10
O0100544,2025-01-29,2025-01-31
O0200529,2025-02-20,2025-02-22
O0100159,2025-01-24,2025-01-26
O0400307,2025-04-24,2025-04-29
O0300572,2025-03-21,2025-03-22
O0100444,2025-01-20,2025-01-23
O0300147,2025-03-10,2025-03-14
O0600448,2025-06-04,2025-06-06
O0300751,2025-03-12,2025-03-18
O0500518,2025-05-23,2025-05-24
O0600325,2025-06-30,2025-07-05
O0300385,2025-03-21,2025-03-23
O0200128,2025-02-02,2025-02-05
O0200099,2025-02-14,2025-02-17
O0500008,2025-05-22,2025-05-23
O0400806,2025-04-06,2025-04-09
O0600155,2025-06-06,2025-06-09
O0400045,2025-04-06,2025-04-07
O0301029,2025-03-04,2025-03-05
O0400875,2025-04-28,2025-05-01
O0300286,2025-03-25,2025-03-28
O0400060,2025-04-14,2025-04-16
O0300522,2025-03-23,2025-03-26
O0100708,2025-01-18,2025-01-20
O0300107,2025-03-19,2025-03-21
O0100841,2025-01-25,2025-01-26
O0200753,2025-02-10,2025-02-12
O0100430,2025-01-09,2025-01-14
O0100402,2025-01-22,2025-01-25
O0500389,2025-05-04,2025-05-08
O0100522,2025-01-19,2025-01-23
O0200951,2025-02-02,2025-02-05
O0500182,2025-05-19,2025-05-23
O0200282,2025-02-20,2025-02-21
O0600670,2025-06-28,2025-07-01
O0300569,2025-03-05,2025-03-07
O0501009,2025-05-08,2025-05-09
O0500424,2025-06-01,2025-06-03
O0200848,2025-02-14,2025-02-19
O0500406,2025-05-12,2025-05-14
O0200312,2025-02-07,2025-02-09
O0300742,2025-03-18,2025-03-22
O0400499,2025-04-14,2025-04-16
O0300607,2025-03-20,2025-03-21
O0600126,2025-06-21,2025-06-24
O0100231,2025-01-21,2025-01-23
O0500608,2025-05-21,2025-05-23
O0500001,2025-05-07,2025-05-08
O0500655,2025-05-28,2025-05-30
O0600763,2025-06-15,2025-06-16
O0600865,2025-06-16,2025-06-17
O0600955,2025-06-03,2025-06-05
O0100750,2025-01-22,2025-01-25
O0100963,2025-01-31,2025-02-05
O0600495,2025-06-22,2025-06-25
O0500834,2025-05-18,2025-05-20
O0100955,2025-01-17,2025-01-19
O0100689,2025-01-06,2025-01-08
O0400522,2025-04-18,2025-04-20
O0300438,2025-03-07,2025-03-08
O0500194,2025-05-29,2025-06-01
O0500818,2025-05-05,2025-05-08
O0300454,2025-03-28,2025-04-01
O0100673,2025-01-04,2025-01-05
O0400066,2025-04-24,2025-04-27
O0500680,2025-05-30,2025-06-04
O0300035,2025-03-23,2025-03-26
O0600046,2025-06-18,2025-06-20
O0200956,2025-02-20,2025-02-21
O0100077,2025-01-24,2025-01-26
O0300933,2025-03-25,2025-03-26
O0100074,2025-02-01,2025-02-02
O0600233,2025-06-05,2025-06-06
O0100093,2025-01-16,2025-01-17
O0500826,2025-05-28,2025-05-29
O0400671,2025-04-25,2025-04-27
O0600397,2025-06-30,2025-07-01
O0100125,2025-01-24,2025-01-26
O0200200,2025-02-03,2025-02-06
O0400083,2025-04-26,2025-04-28
O0300634,2025-03-08,2025-03-10
O0400126,2025-04-30,2025-05-02
O0600480,2025-06-25,2025-06-28
O0100727,2025-01-11,2025-01-13
O0400391,2025-04-21,2025-04-25
O0300475,2025-03-13,2025-03-14
O0500318,2025-05-31,2025-06-02
O0400717,2025-05-01,2025-05-02
O0300079,2025-03-27,2025-04-01
O0500581,2025-06-01,2025-06-02
O0100433,2025-01-25,2025-01-27
O0600737,2025-06-02,2025-06-05
O0400721,2025-04-30,2025-05-01
O0400851,2025-04-25,2025-04-27
O0500642,2025-05-26,2025-05-28
O0400204,2025-04-23,2025-04-25
O0501011,2025-05-14,2025-05-16
O0500148,2025-05-19,2025-05-21
O0200973,2025-02-05,2025-02-10
O0100637,2025-01-15,2025-01-21
O0600615,2025-07-02,2025-07-04
O0500605,2025-05-15,2025-05-17
O0300647,2025-03-21,2025-03-26
O0300278,2025-03-04,2025-03-08
O0200490,2025-02-15,2025-02-17
O0300574,2025-03-15,2025-03-17
O0400113,2025-04-12,2025-04-14
O0500669,2025-05-05,2025-05-06
O0100475,2025-01-21,2025-01-23
O0400197,2025-04-24,2025-04-26
O0400648,2025-04-06,2025-04-08
O0400472,2025-04-13,2025-04-15
O0600966,2025-06-07,2025-06-09
O0100306,2025-01-08,2025-01-10
O0200103,2025-02-08,2025-02-09
O0500457,2025-05-11,2025-05-13
O0600812,2025-06-07,2025-06-09
O0400251,2025-04-29,2025-05-02
O0600265,2025-06-10,2025-06-12
O0300923,2025-03-28,2025-03-31
O0300094,2025-03-31,2025-04-04
O0300074,2025-03-31,2025-04-03
O0500305,2025-05-26,2025-05-28
O0500782,2025-06-02,2025-06-03
O0500352,2025-05-31,2025-06-01
O0100837,2025-01-24,2025-01-26
O0300744,2025-03-26,2025-03-28
O0600380,2025-06-30,2025-07-02
O0100795,2025-01-22,2025-01-24
O0200944,2025-02-11,2025-02-12
O0500512,2025-06-01,2025-06-03
O0500932,2025-05-11,2025-05-16
O0400367,2025-04-07,2025-04-09
O0200246,2025-02-24,2025-02-25
O0500500,2025-05-20,2025-05-23
O0400087,2025-04-28,2025-04-30
O0300902,2025-03-19,2025-03-21
O0100359,2025-01-08,2025-01-10
O0100399,2025-01-13,2025-01-14
O0600993,2025-06-12,2025-06-15
O0100177,2025-01-25,2025-01-27
O0400278,2025-04-21,2025-04-24
O0400117,2025-04-17,2025-04-20
O0400188,2025-04-09,2025-04-12
O0100571,2025-01-24,2025-01-28
O0200283,2025-02-25,2025-02-27
O0300754,2025-03-08,2025-03-11
O0600404,2025-06-28,2025-06-30
O0300838,2025-03-20,2025-03-24
O0600508,2025-06-22,2025-06-24
O0100184,2025-01-05,2025-01-07
O0100738,2025-02-01,2025-02-06
O0300321,2025-03-05,2025-03-06
O0500878,2025-05-26,2025-05-28
O0100404,2025-01-08,2025-01-09
O0400401,2025-04-19,2025-04-24
O0400978,2025-04-03,2025-04-04
O0500644,2025-05-08,2025-05-13
O0300461,2025-03-24,2025-03-26
O0500175,2025-05-10,2025-05-15
O0400855,2025-04-10,2025-04-11
O0600935,2025-06-24,2025-06-26
O0601019,2025-06-06,2025-06-07
O0600896,2025-06-04,2025-06-05
O0600536,2025-06-15,2025-06-16
O0600181,2025-06-10,2025-06-11
O0300683,2025-03-15,2025-03-17
O0200946,2025-02-26,2025-02-27
O0400531,2025-04-09,2025-04-11
O0200675,2025-02-02,2025-02-03
O0300648,2025-03-22,2025-03-23
O0200066,2025-02-07,2025-02-09
O0500083,2025-05-20,2025-05-22
O0500796,2025-06-02,2025-06-03
O0600808,2025-06-29,2025-06-30
O0200543,2025-02-08,2025-02-10
O0400620,2025-04-20,2025-04-21
O0400399,2025-04-03,2025-04-05
O0600555,2025-06-11,2025-06-15
O0400941,2025-04-07,2025-04-09
O0300941,2025-03-07,2025-03-08
O0500419,2025-05-11,2025-05-14
O0100894,2025-01-26,2025-02-01
O0200971,2025-02-19,2025-02-21
O0300136,2025-03-08,2025-03-09
O0400658,2025-04-30,2025-05-01
O0500136,2025-05-17,2025-05-19
O0300413,2025-03-28,2025-03-29
O0200089,2025-02-27,2025-03-01
O0200380,2025-02-05,2025-02-09
O0500670,2025-05-27,2025-05-30
O0300439,2025-03-16,2025-03-17
O0200078,2025-02-19,2025-02-23
O0500908,2025-05-15,2025-05-16
O0200425,2025-02-09,2025-02-11
O0200537,2025-02-05,2025-02-06
O0600960,2025-06-18,2025-06-20
O0100656,2025-01-20,2025-01-22
O0200406,2025-02-10,2025-02-12
O0300796,2025-03-12,2025-03-14
O0100595,2025-01-15,2025-01-19
O0600167,2025-06-10,2025-06-12
O0300231,2025-03-03,2025-03-05
O0100772,2025-01-05,2025-01-07
O0300669,2025-03-18,2025-03-20
O0300219,2025-03-05,2025-03-06
O0100691,2025-01-15,2025-01-20
O0200836,2025-02-16,2025-02-18
O0400286,2025-04-06,2025-04-07
O0400162,2025-04-23,2025-04-25
O0600365,2025-06-08,2025-06-11
O0500003,2025-05-14,2025-05-16
O0100765,2025-01-29,2025-02-03
O0200592,2025-02-19,2025-02-20
O0100155,2025-01-07,2025-01-09
O0200385,2025-02-22,2025-02-25
O0400566,2025-04-19,2025-04-20
O0300798,2025-03-03,2025-03-07
O0600619,2025-06-03,2025-06-05
O0100539,2025-02-01,2025-02-03
O0600819,2025-06-20,2025-06-22
O0200755,2025-02-18,2025-02-20
O0100943,2025-01-16,2025-01-21
O0300711,2025-03-06,2025-03-08
O0500306,2025-05-08,2025-05-10
O0400111,2025-04-20,2025-04-22
O0600943,2025-06-12,2025-06-14
O0100245,2025-01-11,2025-01-12
O0100141,2025-01-23,2025-01-26
O0600785,2025-06-25,2025-06-26
O0500300,2025-05-12,2025-05-14
O0600103,2025-06-06,2025-06-07
O0400798,2025-04-13,2025-04-15
O0300348,2025-03-20,2025-03-23
O0100675,2025-01-25,2025-01-27
O0100872,2025-01-11,2025-01-12
O0400443,2025-04-02,2025-04-08
O0300115,2025-03-03,2025-03-06
O0100323,2025-01-02,2025-01-04
O0600761,2025-06-02,2025-06-04
O0601005,2025-06-02,2025-06-04
O0500478,2025-05-27,2025-05-31
O0300206,2025-03-19,2025-03-20
O0200238,2025-02-27,2025-03-03
O0600408,2025-06-03,2025-06-05
O0200673,2025-02-10,2025-02-12
O0200440,2025-02-23,2025-02-26
O0300343,2025-03-11,2025-03-15
O0100969,2025-01-07,2025-01-09
O0100209,2025-01-09,2025-01-11
O0500031,2025-05-31,2025-06-02
O0400182,2025-04-18,2025-04-22
O0600258,2025-06-06,2025-06-10
O0600484,2025-06-17,2025-06-21
O0400912,2025-04-18,2025-04-23
O0300767,2025-03-10,2025-03-11
O0200829,2025-02-11,2025-02-13
O0300195,2025-03-05,2025-03-10
O0300864,2025-03-30,2025-04-01
O0100678,2025-01-29,2025-01-31
O0300815,2025-03-31,2025-04-01
O0600517,2025-06-13,2025-06-15
O0200162,2025-02-17,2025-02-18
O0501014,2025-05-06,2025-05-07
O0400953,2025-04-05,2025-04-09
O0500871,2025-05-10,2025-05-12
O0400244,2025-04-02,2025-04-04
O0300872,2025-03-13,2025-03-16
O0500185,2025-05-18,2025-05-19
O0500952,2025-05-01,2025-05-03
O0200375,2025-02-11,2025-02-14
O0300162,2025-03-31,2025-04-03
O0500625,2025-05-14,2025-05-15
O0300728,2025-03-13,2025-03-14
O0500128,2025-05-23,2025-05-25
O0300890,2025-04-02,2025-04-04
O0300705,2025-03-23,2025-03-26
O0300575,2025-03-17,2025-03-18
O0200725,2025-02-17,2025-02-19
O0400692,2025-04-18,2025-04-20
O0600299,2025-06-10,2025-06-18
O0100193,2025-01-13,2025-01-15
O0200534,2025-02-22,2025-02-25
O0400542,2025-04-16,2025-04-18
O0600908,2025-06-25,2025-06-30
O0500660,2025-05-11,2025-05-14
O0500542,2025-05-03,2025-05-05
O0300366,2025-03-12,2025-03-14
O0301012,2025-03-18,2025-03-21
O0200664,2025-02-25,2025-02-26
O0500308,2025-05-29,2025-05-30
O0100197,2025-01-05,2025-01-06
O0400958,2025-04-25,2025-04-27
O0600750,2025-06-06,2025-06-07
O0100348,2025-01-25,2025-01-28
O0100123,2025-01-17,2025-01-19
O0600205,2025-06-18,2025-06-20
O0400221,2025-04-15,2025-04-17
O0300004,2025-03-14,2025-03-16
O0500465,2025-05-04,2025-05-11
O0600354,2025-06-28,2025-06-29
O0600201,2025-06-25,2025-06-27
O0100790,2025-01-19,2025-01-21
O0600684,2025-06-19,2025-06-20
O0500804,2025-05-31,2025-06-02
O0100291,2025-01-27,2025-01-28
O0100806,2025-01-31,2025-02-03
